27/03/2024,09:36:02,b'170,211,38.388505,21.811612,27/3/2024,7:36:3,0.05,0.17,0.00,31.50,3,333,1009.98,21.60,00000000000000&/ f\xee\\\xb0q*\x8d&\x9b&\xb70\xf0\xca\xa5\xea\x00\xadN\xf5\xe9\x9b\x97\x83\xa2(\x0f\xd4\xc0\r\n',,,
27/03/2024,09:36:02,b'\r\n',,,,,,,,,,,,,,,,,
27/03/2024,09:36:02,b'170,211,38.388505,21.811612,27/3/2024,7:36:3,0.05,0.17,0.00,31.50,3,333,1009.98,21.60,00000000000000\r\n',,,
27/03/2024,09:36:04,b'171,212,38.388505,21.811612,27/3/2024,7:36:4,0.05,0.17,0.00,31.50,3,333,1009.98,21.60,"00000000000000\x03\x15<LcE\x1d\xec\xd0Q\x06\xa2\xc2\xb9_;\xde\x89\x81\xb8\x0f\x82\xfa\xe2/\xff}\xa9\x8d""\x84H\r\n'",,,
27/03/2024,09:36:04,b'\r\n',,,,,,,,,,,,,,,,,
27/03/2024,09:36:04,b'171,212,38.388505,21.811612,27/3/2024,7:36:4,0.05,0.17,0.00,31.50,3,333,1009.98,21.60,00000000000000\r\n',,,
27/03/2024,09:36:05,b'172,213,38.388505,21.811612,27/3/2024,7:36:6,0.05,0.17,0.00,31.50,3,333,1009.96,21.60,00000000000000I\x9d\x1fJ+\x99\xb8\n',,,
27/03/2024,09:36:05,b'`v\xb0\xc4]\xa1\x93\xccYTw!\xb8X\x19\xde\x89\xd0\xc1^\xb5\xbf\xa1K\r\n',,,,,,,,,,,,,,,,,
27/03/2024,09:36:05,b'\r\n',,,,,,,,,,,,,,,,,
27/03/2024,09:36:05,b'172,213,38.388505,21.811612,27/3/2024,7:36:6,0.05,0.17,0.00,31.50,3,333,1009.96,21.60,00000000000000\r\n',,,
27/03/2024,09:36:07,b'173,214,38.388505,21.811612,27/3/2024,7:36:7,0.05,0.17,0.00,31.50,3,333,1009.95,21.62,00000000000000\xe3K\xc4\xf4\\@2\xe47A\x7fJ\xeep\xce\x1cy\xd3c\xac/\xac\x05^GHw\xd7\xc6C\xb4c\r\n',,,
27/03/2024,09:36:07,b'\r\n',,,,,,,,,,,,,,,,,
27/03/2024,09:36:07,b'173,214,38.388505,21.811612,27/3/2024,7:36:7,0.05,0.17,0.00,31.50,3,333,1009.95,21.62,00000000000000\r\n',,,
27/03/2024,09:36:08,"b""174",215,38.388505,21.811612,27/3/2024,7:36:9,0.05,0.17,0.00,31.50,3,333,1009.90,21.63,"00000000000000A[}t\xaeW9oe\x87\xe2'\xe6WIx\xee@E\x14J\x86\xd6\xca\xe0\xe0\x86>\xb3\x89\xdd}\r\n""",,,
27/03/2024,09:36:08,b'\r\n',,,,,,,,,,,,,,,,,
27/03/2024,09:36:08,b'174,215,38.388505,21.811612,27/3/2024,7:36:9,0.05,0.17,0.00,31.50,3,333,1009.90,21.63,00000000000000\r\n',,,
27/03/2024,09:36:10,b'175,216,38.388505,21.811612,27/3/2024,7:36:10,0.05,0.17,0.00,31.50,3,333,1009.93,21.62,0000000000000\x94>\xf5\xca\xb3\x15)\x9d\xfb($|VD\xf4\xcf2\xdcN\xa8\xa8\x93\x16\x93\xef QdL:\xb4\xb4\r\n',,,
27/03/2024,09:36:10,b'\r\n',,,,,,,,,,,,,,,,,
27/03/2024,09:36:10,b'175,216,38.388505,21.811612,27/3/2024,7:36:10,0.05,0.17,0.00,31.50,3,333,1009.93,21.62,0000000000000\r\n',,,
27/03/2024,09:36:11,b'176,217,38.388505,21.811612,27/3/2024,7:36:12,0.05,0.17,0.00,31.50,3,333,1009.93,21.64,0000000000000wU\xf5\xd4\x1a\xab5 \x91\xc9[_\xcb\x9d|P}\xaa|\x13\xb7\xfe^\x7f\xce\xc2#\xdad\x05t\xab\r\n',,,
27/03/2024,09:36:11,b'\r\n',,,,,,,,,,,,,,,,,
27/03/2024,09:36:11,b'176,217,38.388505,21.811612,27/3/2024,7:36:12,0.05,0.17,0.00,31.50,3,333,1009.93,21.64,0000000000000\r\n',,,
27/03/2024,09:36:13,b'177,218,38.388505,21.811612,27/3/2024,7:36:13,0.05,0.17,0.00,31.50,3,333,1009.92,21.63,0000000000000Zf]\xfe\xc4w\x8d\x02\x19oB\xfd\xbe\xfdc\x04\n',,,
27/03/2024,09:36:13,b'\x80\xefF51\x8c\x87\x99ukV\xa9\xf9\x9eo\r\n',,,,,,,,,,,,,,,,,
27/03/2024,09:36:13,b'\r\n',,,,,,,,,,,,,,,,,
27/03/2024,09:36:13,b'177,218,38.388505,21.811612,27/3/2024,7:36:13,0.05,0.17,0.00,31.50,3,333,1009.92,21.63,0000000000000\r\n',,,
27/03/2024,09:36:14,b'178,219,38.388505,21.811612,27/3/2024,7:36:15,0.05,0.17,0.00,31.50,3,333,1009.92,21.65,0000000000000D\xa9\t\xf7\x8e\x7f\xe1\xd2\xe5xgM\xca\x05\x10\x8d\xa0\x914\x02\xe4\xf1\xda\x04\xf2\xa6\x86U\xee\xc2P\x10\r\n',,,
27/03/2024,09:36:14,b'\r\n',,,,,,,,,,,,,,,,,
27/03/2024,09:36:14,b'178,219,38.388505,21.811612,27/3/2024,7:36:15,0.05,0.17,0.00,31.50,3,333,1009.92,21.65,0000000000000\r\n',,,
27/03/2024,09:36:16,b'179,220,38.388505,21.811612,27/3/2024,7:36:16,0.05,0.17,0.00,31.50,3,333,1009.92,21.66,0000000000000\xe1\x06\x9a\xac\x9e10\x83h\x08\xd9\xc7\xc3X=\x1d\xbbj\xc8\x185D\xa6\x12\x96\x8e1m4\xd4s\x02\r\n',,,
27/03/2024,09:36:16,b'\r\n',,,,,,,,,,,,,,,,,
27/03/2024,09:36:16,b'179,220,38.388505,21.811612,27/3/2024,7:36:16,0.05,0.17,0.00,31.50,3,333,1009.92,21.66,0000000000000\r\n',,,
27/03/2024,09:36:17,b'180,221,38.388505,21.811612,27/3/2024,7:36:18,0.05,0.17,0.00,31.50,3,333,1009.94,21.66,00000000000003T=\xdd:\x81h?\xd3\xb8\x12\x0c\xfb\xfd;\x95\xb9\xd2\xc8\x8e\xe2\xd5\xde9\xa9EU\x8b;\n',,,
27/03/2024,09:36:17,b'\x15M\r\n',,,,,,,,,,,,,,,,,
27/03/2024,09:36:17,b'\r\n',,,,,,,,,,,,,,,,,
27/03/2024,09:36:17,b'180,221,38.388505,21.811612,27/3/2024,7:36:18,0.05,0.17,0.00,31.50,3,333,1009.94,21.66,0000000000000\r\n',,,
27/03/2024,09:36:19,b'181,222,38.388505,21.811612,27/3/2024,7:36:19,0.05,0.17,0.00,31.50,3,333,1009.93,21.68,0000000000000[\xdbDA\xfc\xa4x\xe8\x19Q\xccf\xd9#l\x83\xb1,?XA\xf9`[\xfd\x8dct\xdc\xb9H\x92\r\n',,
27/03/2024,09:36:19,b'\r\n',,,,,,,,,,,,,,,,,
27/03/2024,09:36:19,b'181,222,38.388505,21.811612,27/3/2024,7:36:19,0.05,0.17,0.00,31.50,3,333,1009.93,21.68,0000000000000\r\n',,,
27/03/2024,09:36:20,b'182,223,38.388505,21.811612,27/3/2024,7:36:21,0.05,0.17,0.00,31.50,3,333,1009.94,21.68,0000000000000\xed\x8f\x0fDJ\xedG$\x9d\xfa\xbd7\xa9\xe9\x85\xbc0P\xa2\x13\xba0f\xd7\x10\xf8\x9aZ\x9c\x06\xa2\x95\r\n',,,
27/03/2024,09:36:20,b'\r\n',,,,,,,,,,,,,,,,,
27/03/2024,09:36:20,b'182,223,38.388505,21.811612,27/3/2024,7:36:21,0.05,0.17,0.00,31.50,3,333,1009.94,21.68,0000000000000\r\n',,,
27/03/2024,09:36:22,b'183,224,38.388505,21.811612,27/3/2024,7:36:22,0.05,0.17,0.00,31.50,3,333,1009.86,21.69,0000000000000\xde\xd1\x84\xce\x02\xf8\xacXP\xe2\xfb\xf1\xbe\x0e\xc2s\x8a\xa7h\x8a\xb3\xc1\x99\x84\xe4J`\xea& \xdf\xbf\r\n',,,
27/03/2024,09:36:22,b'\r\n',,,,,,,,,,,,,,,,,
27/03/2024,09:36:22,b'183,224,38.388505,21.811612,27/3/2024,7:36:22,0.05,0.17,0.00,31.50,3,333,1009.86,21.69,0000000000000\r\n',,,
27/03/2024,09:36:23,b'184,225,38.388505,21.811612,27/3/2024,7:36:24,0.05,0.17,0.00,31.50,3,333,1009.89,21.70,0000000000000\xe6\x8f\x8eg QWs\xeai\xf3\xac\x15KE\xa3\x12,\xf78@\xc9\xcf\xa7\xee\x13\x1fH\xbb\x84\x151\r\n',,
27/03/2024,09:36:23,b'\r\n',,,,,,,,,,,,,,,,,
27/03/2024,09:36:23,b'184,225,38.388505,21.811612,27/3/2024,7:36:24,0.05,0.17,0.00,31.50,3,333,1009.89,21.70,0000000000000\r\n',,,
27/03/2024,09:36:25,b'185,226,38.388505,21.811612,27/3/2024,7:36:25,0.05,0.17,0.00,31.50,3,333,1009.93,21.69,0000000000000\xf2*\xbe\xc0\xd7\xa7\x95\xff\xfe\xd2z\xb4\xfd3k\x1e\x99\xcc0Q\xa75 \xa6\x93\xb6\xe5%\x0e4\xe2\xe9\r\n',,,
27/03/2024,09:36:25,b'\r\n',,,,,,,,,,,,,,,,,
27/03/2024,09:36:25,b'185,226,38.388505,21.811612,27/3/2024,7:36:25,0.05,0.17,0.00,31.50,3,333,1009.93,21.69,0000000000000\r\n',,,
27/03/2024,09:36:26,b'186,227,38.388505,21.811612,27/3/2024,7:36:27,0.05,0.17,0.00,31.50,3,333,1009.93,21.70,0000000000000|$}\xd0vj!\x84\xf1,\xa3\xb3\x9b0\xed\xfa\x87\xa4\xea\x9b[T%\xad\x9a\xbc\x8e\xa0b\xc6\x17I\r\n',,
27/03/2024,09:36:26,b'\r\n',,,,,,,,,,,,,,,,,
27/03/2024,09:36:26,b'186,227,38.388505,21.811612,27/3/2024,7:36:27,0.05,0.17,0.00,31.50,3,333,1009.93,21.70,0000000000000\r\n',,,
27/03/2024,09:36:28,b'187,228,38.388505,21.811612,27/3/2024,7:36:28,0.05,0.17,0.00,31.50,3,333,1009.97,21.70,0000000000000\x08O\xcb\xf1ob\x98\xe4<O[\x08^\xe8\x96=\xcf\xf7-R\x8e\xf0s\x82\xae\x84A\xfe\xa9\xf3\x02*\r\n',,,
27/03/2024,09:36:28,b'\r\n',,,,,,,,,,,,,,,,,
27/03/2024,09:36:28,b'187,228,38.388505,21.811612,27/3/2024,7:36:28,0.05,0.17,0.00,31.50,3,333,1009.97,21.70,0000000000000\r\n',,,
27/03/2024,09:36:29,b'188,229,38.388505,21.811612,27/3/2024,7:36:30,0.05,0.17,0.00,31.50,3,333,1009.94,21.71,0000000000000\xb6\x97\xd3\x90\xef?\x97\xdb\xec\xc1\x14\xc1\x88\x08\x10W\xb3\\P\x9aD!\x9c\xb6Q\x9aQ|+\x17\xe4\x81\r\n',,,
27/03/2024,09:36:29,b'\r\n',,,,,,,,,,,,,,,,,
27/03/2024,09:36:29,b'188,229,38.388505,21.811612,27/3/2024,7:36:30,0.05,0.17,0.00,31.50,3,333,1009.94,21.71,0000000000000\r\n',,,
27/03/2024,09:36:31,b'189,230,38.388505,21.811612,27/3/2024,7:36:31,0.05,0.17,0.00,31.50,3,333,1009.93,21.72,"00000000000001\x12\x16\x95\xd9;\'\xdfD4\xf9\x803\xf7\x81\xea\x90\x0eLe5\x13m6\xe5\xe2\x05""\xd2\x13\x10>\r\n'",,,
27/03/2024,09:36:31,b'\r\n',,,,,,,,,,,,,,,,,
27/03/2024,09:36:31,b'189,230,38.388505,21.811612,27/3/2024,7:36:31,0.05,0.17,0.00,31.50,3,333,1009.93,21.72,0000000000000\r\n',,,
27/03/2024,09:36:32,b'190,231,38.388505,21.811612,27/3/2024,7:36:33,0.05,0.17,0.00,31.50,3,333,1009.99,21.73,0000000000000*vC\x92\x10\x1f\xad\x12\xa4\xef/\x1c\xe6\x0ct\xf5M\x91Z(\x94\xe3\xc1B\x15(\x06\xdej\xb9\x0bX\r\n',,,
27/03/2024,09:36:32,b'\r\n',,,,,,,,,,,,,,,,,
27/03/2024,09:36:32,b'190,231,38.388505,21.811612,27/3/2024,7:36:33,0.05,0.17,0.00,31.50,3,333,1009.99,21.73,0000000000000\r\n',,,
27/03/2024,09:36:34,b'191,232,38.388505,21.811612,27/3/2024,7:36:34,0.05,0.17,0.00,31.50,3,333,1009.95,21.72,0000000000000\xb63\xa8\xf6M\xea\x9cH\x1e\xfd\xd9%J\x98\xf6$\xcc\x04\xb5`\xd0\xfa&\xb7#3\xb4\xde,<\xa0\x91\r\n',,
27/03/2024,09:36:34,b'\r\n',,,,,,,,,,,,,,,,,
27/03/2024,09:36:34,b'191,232,38.388505,21.811612,27/3/2024,7:36:34,0.05,0.17,0.00,31.50,3,333,1009.95,21.72,0000000000000\r\n',,,
27/03/2024,09:36:35,b'192,233,38.388505,21.811612,27/3/2024,7:36:36,0.05,0.17,0.00,31.50,3,333,1009.98,21.74,0000000000000\x04H\xc7\xbe6\xaa\xe4\xf1jiN\x12Y\x03S\x95\x01\x97\xb1nF\xee\x9fW3c.\x9fi\xd89/\r\n',,,
27/03/2024,09:36:35,b'\r\n',,,,,,,,,,,,,,,,,
27/03/2024,09:36:35,b'192,233,38.388505,21.811612,27/3/2024,7:36:36,0.05,0.17,0.00,31.50,3,333,1009.98,21.74,0000000000000\r\n',,,
27/03/2024,09:36:37,b'193,234,38.388505,21.811612,27/3/2024,7:36:37,0.05,0.17,0.00,31.50,3,333,1009.92,21.73,0000000000000\xe6\x14\xfcY\xd8\x06=\x0f;\xab\x1b`y\xeby\xfa\t\x83\xf8\xad\xb0mq\xdd\x874\xa2a\xfe\xf3$\xad\r\n',,,
27/03/2024,09:36:37,b'\r\n',,,,,,,,,,,,,,,,,
27/03/2024,09:36:37,b'193,234,38.388505,21.811612,27/3/2024,7:36:37,0.05,0.17,0.00,31.50,3,333,1009.92,21.73,0000000000000\r\n',,,
27/03/2024,09:36:38,b'194,235,38.388505,21.811612,27/3/2024,7:36:39,0.05,0.17,0.00,31.50,3,333,1009.92,21.75,0000000000000\x1f\x8e\x00,I\x7f\xb1\x05\xf6M\x8a\xeb\xc2Q\xe1_t\\\xec\n',,
27/03/2024,09:36:38,b'\xe0\xea\x1b\x80x\x85l\x05g\xc0\xf6\x12\r\n',,,,,,,,,,,,,,,,,
27/03/2024,09:36:38,b'\r\n',,,,,,,,,,,,,,,,,
27/03/2024,09:36:38,b'194,235,38.388505,21.811612,27/3/2024,7:36:39,0.05,0.17,0.00,31.50,3,333,1009.92,21.75,0000000000000\r\n',,,
27/03/2024,09:36:40,b'195,236,38.388505,21.811612,27/3/2024,7:36:40,0.05,0.17,0.00,31.50,3,333,1009.91,21.76,0000000000000>\xac\x02\x9dz^\x8aE\xad\xf8\xab$[\xd3\xdd\xabx\xd3?1\xb3\x06\xa8\xbc\xa4\xf9\n',,,
27/03/2024,09:36:40,b'@\x85\x1cm:\r\n',,,,,,,,,,,,,,,,,
27/03/2024,09:36:40,b'\r\n',,,,,,,,,,,,,,,,,
27/03/2024,09:36:40,b'195,236,38.388505,21.811612,27/3/2024,7:36:40,0.05,0.17,0.00,31.50,3,333,1009.91,21.76,0000000000000\r\n',,,
27/03/2024,09:36:41,b'196,237,38.388505,21.811612,27/3/2024,7:36:42,0.05,0.17,0.00,31.50,3,333,1009.94,21.76,0000000000000\xe1\x99\xd2Q\r\x13\xba\xe5\x1c\xc2Rz\xba\xac\xf9\x13W\x1d\xce\x90G\x10\x10\xc6\x01\xd9\x0e\xa5D\x8dE\xc3\r\n',,,
27/03/2024,09:36:41,b'\r\n',,,,,,,,,,,,,,,,,
27/03/2024,09:36:41,b'196,237,38.388505,21.811612,27/3/2024,7:36:42,0.05,0.17,0.00,31.50,3,333,1009.94,21.76,0000000000000\r\n',,,
27/03/2024,09:36:43,b'197,238,38.388505,21.811612,27/3/2024,7:36:43,0.05,0.17,0.00,31.50,3,333,1009.96,21.77,0000000000000\xde\xc5\xa1\xbc\xc6H\xc3\x91\x08\xb8h\xdfP\x05.t,,-\x89\xf6,\xebuZ\xc1\x95\xdd\x9eY\xff\xcd\r\n'
27/03/2024,09:36:43,b'\r\n',,,,,,,,,,,,,,,,,
27/03/2024,09:36:43,b'197,238,38.388505,21.811612,27/3/2024,7:36:43,0.05,0.17,0.00,31.50,3,333,1009.96,21.77,0000000000000\r\n',,,
27/03/2024,09:36:44,b'198,239,38.388505,21.811612,27/3/2024,7:36:45,0.05,0.17,0.00,31.50,3,333,1009.93,21.77,0000000000000\xfcT%gR\xb3\x83\\/t\xcb\x12X[\xf1\xda\xb4\x855\xd7\xcc\xc5M`\xb5\xd0\x0e\x850\xcc\xd9T\r\n',,,
27/03/2024,09:36:44,b'\r\n',,,,,,,,,,,,,,,,,
27/03/2024,09:36:44,b'198,239,38.388505,21.811612,27/3/2024,7:36:45,0.05,0.17,0.00,31.50,3,333,1009.93,21.77,0000000000000\r\n',,,
27/03/2024,09:36:46,b'199,240,38.388505,21.811612,27/3/2024,7:36:46,0.05,0.17,0.00,31.50,3,333,1009.93,21.78,0000000000000\xacb\n',,,
27/03/2024,09:36:46,b'\xc35|\x0e\x82\xaf\xbf^\xddpe\xb4P%\xf9O\xb5\xd5_\xb0\x8f\xc3M\xd7\xb0S\xb4Zs\r\n',,,,,,,,,,,,,,,,,
27/03/2024,09:36:46,b'\r\n',,,,,,,,,,,,,,,,,
27/03/2024,09:36:46,b'199,240,38.388505,21.811612,27/3/2024,7:36:46,0.05,0.17,0.00,31.50,3,333,1009.93,21.78,0000000000000\r\n',,,
27/03/2024,09:36:47,b'200,241,38.388505,21.811612,27/3/2024,7:36:48,0.05,0.17,0.00,31.50,3,333,1009.96,21.79,0000000000000\xe6\x03>S\xa4M+\xc5\xcb\xe0\xed \xa7\x9a\xabW\xa9K\xd3c\xfa\x81s\r\xa4\xb6\xe3\x0c\xc4@b\xfb\r\n',,,
27/03/2024,09:36:47,b'\r\n',,,,,,,,,,,,,,,,,
27/03/2024,09:36:47,b'200,241,38.388505,21.811612,27/3/2024,7:36:48,0.05,0.17,0.00,31.50,3,333,1009.96,21.79,0000000000000\r\n',,,
27/03/2024,09:36:49,b'201,242,38.388505,21.811612,27/3/2024,7:36:49,0.05,0.17,0.00,31.50,3,332,1009.97,21.80,0000000000000-\xc2\xb9\xf5z\xb3c\x1e\xe6\x18\xe8\x1e|Z\xa3\x8b\xa9\xae=%GQ\x14\x84\xb8R\xe1\xe5eu\x92\xff\r\n',,,
27/03/2024,09:36:49,b'\r\n',,,,,,,,,,,,,,,,,
27/03/2024,09:36:49,b'201,242,38.388505,21.811612,27/3/2024,7:36:49,0.05,0.17,0.00,31.50,3,332,1009.97,21.80,0000000000000\r\n',,,
27/03/2024,09:36:50,b'202,243,38.388505,21.811612,27/3/2024,7:36:51,0.05,0.17,0.00,31.50,3,332,1009.96,21.81,0000000000000\x89\xfeSlH\xc27\x18\x0b`\xc4\n',,,
27/03/2024,09:36:50,b'\x00\x9f\xf2\xed4d\xda\xdf\xc5=G\xfb?\x9c\x92\x02F\x18\x1c\xbb\r\n',,,,,,,,,,,,,,,,,
27/03/2024,09:36:50,b'\r\n',,,,,,,,,,,,,,,,,
27/03/2024,09:36:50,b'202,243,38.388505,21.811612,27/3/2024,7:36:51,0.05,0.17,0.00,31.50,3,332,1009.96,21.81,0000000000000\r\n',,,
27/03/2024,09:36:52,b'203,244,38.388505,21.811612,27/3/2024,7:36:52,0.05,0.17,0.00,31.50,3,332,1010.01,21.82,0000000000000\xe9\xcf\x98\xc3z\xc5m\x7fz\x00h\x0b\xa8\xa1\x0b\xf8J\xb1\x03\\\xe8\xb2I9\xe5\xb4\xc8\x98`\xae1Q\r\n',,,
27/03/2024,09:36:52,b'\r\n',,,,,,,,,,,,,,,,,
27/03/2024,09:36:52,b'203,244,38.388505,21.811612,27/3/2024,7:36:52,0.05,0.17,0.00,31.50,3,332,1010.01,21.82,0000000000000\r\n',,,
27/03/2024,09:36:53,b'204,245,38.388505,21.811612,27/3/2024,7:36:54,0.05,0.17,0.00,31.50,3,332,1009.98,21.83,0000000000000=\x18\xc7E\x15\xb5\x9e\x0c\x01\x99\xae\xb5\xd7c\x96\x8a\x1b|Fp\xb4\xa7,\x06\x11\xb6}}D\xbe\x1e\xdb\r\n',,
27/03/2024,09:36:53,b'\r\n',,,,,,,,,,,,,,,,,
27/03/2024,09:36:53,b'204,245,38.388505,21.811612,27/3/2024,7:36:54,0.05,0.17,0.00,31.50,3,332,1009.98,21.83,0000000000000\r\n',,,
27/03/2024,09:36:55,b'205,246,38.388505,21.811612,27/3/2024,7:36:55,0.05,0.17,0.00,31.50,3,332,1009.97,21.84,0000000000000\xbe\xc4\x89tA*&\xd5\xfa\xda\x0c\xdf\xf7\x81\xd4u\xdd(\xcazjj\xa1nD\xa5B\xe4\x91\x15\xec\x88\r\n',,,
27/03/2024,09:36:55,b'\r\n',,,,,,,,,,,,,,,,,
27/03/2024,09:36:55,b'205,246,38.388505,21.811612,27/3/2024,7:36:55,0.05,0.17,0.00,31.50,3,332,1009.97,21.84,0000000000000\r\n',,,
27/03/2024,09:36:56,b'206,247,38.388505,21.811612,27/3/2024,7:36:56,0.05,0.17,0.00,31.50,3,332,1009.98,21.84,0000000000000k\x8bQK\x87X \xf4)Z\x9f\xe2S\x00\xabz\xce\xce\x8e\xd7Vc\xe6\xbc\xf8yZ\x85\x9d\x12\x9c\x1d\r\n',,,
27/03/2024,09:36:56,b'\r\n',,,,,,,,,,,,,,,,,
27/03/2024,09:36:56,b'206,247,38.388505,21.811612,27/3/2024,7:36:56,0.05,0.17,0.00,31.50,3,332,1009.98,21.84,0000000000000\r\n',,,
27/03/2024,09:36:58,b'207,248,38.388505,21.811612,27/3/2024,7:36:58,0.05,0.17,0.00,31.50,3,332,1010.05,21.86,0000000000000$\xda\x81\xc5\xcb\xe6\xb1fo\xf3\x12\x9d\xb0\xe5Nf\xec7\xd0ZM\xd4x\x8d\xa3I\xa5\xe0\xbb\xdd\xef!\r\n',,,
27/03/2024,09:36:58,b'\r\n',,,,,,,,,,,,,,,,,
27/03/2024,09:36:58,b'207,248,38.388505,21.811612,27/3/2024,7:36:58,0.05,0.17,0.00,31.50,3,332,1010.05,21.86,0000000000000\r\n',,,
27/03/2024,09:36:59,"b""208",249,38.388505,21.811612,27/3/2024,7:36:59,0.05,0.17,0.00,31.50,3,332,1010.06,21.86,"0000000000000]\xa5eUy'Hiy\x06\xfb\x935$\n""",,,
27/03/2024,09:36:59,b'J\x7f7\x15\xaa\xbb\xac\x9fA7\xd9+\x12\xef\xc9\xf5\xdc\r\n',,,,,,,,,,,,,,,,,
27/03/2024,09:36:59,b'\r\n',,,,,,,,,,,,,,,,,
27/03/2024,09:36:59,b'208,249,38.388505,21.811612,27/3/2024,7:36:59,0.05,0.17,0.00,31.50,3,332,1010.06,21.86,0000000000000\r\n',,,
27/03/2024,09:37:01,b'209,250,38.388505,21.811612,27/3/2024,7:37:1,0.05,0.17,0.00,31.50,3,332,1010.05,21.87,00000000000000\xde\x0e\x86j[\x8e\xd4.I\xa3\xa9\x0c;X\xff\xf204\x11G\xa2\x1eB\x01\x83\x11\xb6YG\xda\x87\xe9\r\n',,,
27/03/2024,09:37:01,b'\r\n',,,,,,,,,,,,,,,,,
27/03/2024,09:37:01,b'209,250,38.388505,21.811612,27/3/2024,7:37:1,0.05,0.17,0.00,31.50,3,332,1010.05,21.87,00000000000000\r\n',,,
27/03/2024,09:37:02,b'210,251,38.388505,21.811612,27/3/2024,7:37:2,0.05,0.17,0.00,31.50,3,332,1010.00,21.86,00000000000000&R\xed\xce.dZ\x9f\xe0\xad\xcf\xc3\xfa\x9d\x85x\xfd}]\xb6\xedG\xb1geOu(\x0e\x0e\x7f\x0b\r\n',,,
27/03/2024,09:37:02,b'\r\n',,,,,,,,,,,,,,,,,
27/03/2024,09:37:02,b'210,251,38.388505,21.811612,27/3/2024,7:37:2,0.05,0.17,0.00,31.50,3,332,1010.00,21.86,00000000000000\r\n',,,
27/03/2024,09:37:04,"b""211",252,38.388505,21.811612,27/3/2024,7:37:4,0.05,0.17,0.00,31.50,3,332,1010.03,21.86,00000000000000\x004\xc7&\x9a\xa4\xbe\x81\x02;1\xce\xae\xc3>,"\xd74\xfeD\xc8\xce{\xc2\xc3\r/\x91P='\xa0\r\n""",,
27/03/2024,09:37:04,b'\r\n',,,,,,,,,,,,,,,,,
27/03/2024,09:37:04,b'211,252,38.388505,21.811612,27/3/2024,7:37:4,0.05,0.17,0.00,31.50,3,332,1010.03,21.86,00000000000000\r\n',,,
27/03/2024,09:37:05,b'212,253,38.388505,21.811612,27/3/2024,7:37:5,0.05,0.17,0.00,31.50,3,332,1010.04,21.87,00000000000000\xd3\xa8T\xb6\xd4z\xb7\xa7\xd3\x9d\xab\x01\xeeo\x8d7\xec\xbb51[\x87c*f\x0b\x1dq\xe7 \xb0_\r\n',,,
27/03/2024,09:37:05,b'\r\n',,,,,,,,,,,,,,,,,
27/03/2024,09:37:05,b'212,253,38.388505,21.811612,27/3/2024,7:37:5,0.05,0.17,0.00,31.50,3,332,1010.04,21.87,00000000000000\r\n',,,
27/03/2024,09:37:06,b'213,254,38.388505,21.811612,27/3/2024,7:37:7,0.05,0.17,0.00,31.50,3,332,1010.05,21.87,00000000000000N0\xb8\x04o\xf7\xa5\x87\xedo\xc3\x0f;\x1c\xc59\x17U+za\x00*w\xb1b\x84z\n',,,
27/03/2024,09:37:06,b'\xd8\xf3\xdd\r\n',,,,,,,,,,,,,,,,,
27/03/2024,09:37:06,b'\r\n',,,,,,,,,,,,,,,,,
27/03/2024,09:37:06,b'213,254,38.388505,21.811612,27/3/2024,7:37:7,0.05,0.17,0.00,31.50,3,332,1010.05,21.87,00000000000000\r\n',,,
27/03/2024,09:37:08,b'214,255,38.388505,21.811612,27/3/2024,7:37:8,0.05,0.17,0.00,31.50,3,332,1010.03,21.88,00000000000000\xa4\x96\xf2\xb13\xf50\x95\x1aa\xd6\xb7\xe1wI\x13b\xf4\x9b\x94\x02\x1c\xa7\xfd\xffU\xd6\x96\n',,,
27/03/2024,09:37:08,b'\x82-B\r\n',,,,,,,,,,,,,,,,,
27/03/2024,09:37:08,b'\r\n',,,,,,,,,,,,,,,,,
27/03/2024,09:37:08,b'214,255,38.388505,21.811612,27/3/2024,7:37:8,0.05,0.17,0.00,31.50,3,332,1010.03,21.88,00000000000000\r\n',,,
27/03/2024,09:37:09,b'215,256,38.388505,21.811612,27/3/2024,7:37:10,0.05,0.17,0.00,31.50,3,332,1009.99,21.88,00000000000005\xcd\xc3lcd\xa4\xbd\xd6c\xb6\xb2h\xa8\xf1A,\xc5\x0c\n',,
27/03/2024,09:37:09,b'\xc5\xd5|\x8cL\xcbJ\x92\x1f4\xec\n',,,,,,,,,,,,,,,,,
27/03/2024,09:37:09,b'\r\n',,,,,,,,,,,,,,,,,
27/03/2024,09:37:09,b'\r\n',,,,,,,,,,,,,,,,,
27/03/2024,09:37:09,b'215,256,38.388505,21.811612,27/3/2024,7:37:10,0.05,0.17,0.00,31.50,3,332,1009.99,21.88,0000000000000\r\n',,,
27/03/2024,09:37:11,b'216,257,38.388505,21.811612,27/3/2024,7:37:11,0.05,0.17,0.00,31.50,3,332,1009.98,21.89,0000000000000\xd9\xf3\xcda\xbd2\x83\xdb\x8f\x02\x98jW\xafI\xe4\xcfq\x18\xa3\xef2,B\xbc\x03+\x86\r\xc0\x9c\xc9\r\n',,
27/03/2024,09:37:11,b'\r\n',,,,,,,,,,,,,,,,,
27/03/2024,09:37:11,b'216,257,38.388505,21.811612,27/3/2024,7:37:11,0.05,0.17,0.00,31.50,3,332,1009.98,21.89,0000000000000\r\n',,,
27/03/2024,09:37:12,"b""217",258,38.388505,21.811612,27/3/2024,7:37:13,0.05,0.17,0.00,31.50,3,332,1009.99,21.89,"0000000000000\xf6\xe7\x12$M\x10\xa3\xb0\xa4_o\xd3\xd5\x8d\x83\x8c\xea'\xe0\xfd|\xa7\xb83\x06\xf6\xcf\x1c$=\xf2(\r\n""",,,
27/03/2024,09:37:12,b'\r\n',,,,,,,,,,,,,,,,,
27/03/2024,09:37:12,b'217,258,38.388505,21.811612,27/3/2024,7:37:13,0.05,0.17,0.00,31.50,3,332,1009.99,21.89,0000000000000\r\n',,,
27/03/2024,09:37:14,b'218,259,38.388505,21.811612,27/3/2024,7:37:14,0.05,0.17,0.00,31.50,3,332,1010.02,21.90,0000000000000\xa7\xc4!\xbeI\x9a\x03\xcdo\xaf\xafH\xf6l\xe1\xbe\xa5TFh\xfd\x81e\x90j\x18ma\xb8j\x03\xe7\r\n',,,
27/03/2024,09:37:14,b'\r\n',,,,,,,,,,,,,,,,,
27/03/2024,09:37:14,b'218,259,38.388505,21.811612,27/3/2024,7:37:14,0.05,0.17,0.00,31.50,3,332,1010.02,21.90,0000000000000\r\n',,,
27/03/2024,09:37:15,b'219,260,38.388505,21.811612,27/3/2024,7:37:16,0.05,0.17,0.00,31.50,3,332,1009.98,21.91,0000000000000.\xc7_\xce\xe7X\x02\xc5\xc4\x98\xb8;&\xb5`\xff\xcb\xda\xf4\x1d\x8eJ3x%\x806\xbb\xf0\xc5\x1a\xbc\r\n',,,
27/03/2024,09:37:15,b'\r\n',,,,,,,,,,,,,,,,,
27/03/2024,09:37:15,b'219,260,38.388505,21.811612,27/3/2024,7:37:16,0.05,0.17,0.00,31.50,3,332,1009.98,21.91,0000000000000\r\n',,,
27/03/2024,09:37:17,b'220,261,38.388505,21.811612,27/3/2024,7:37:17,0.05,0.17,0.00,31.50,3,332,1009.97,21.91,0000000000000\x0b\xda\xadt\xdeq<\\\\c\x06\xc1x\xaa\xec\xfb$\x81JA\xd5\x9b{\x13\xbc\xca\xef\n',,,
27/03/2024,09:37:17,b'E\xc0m\x19\r\n',,,,,,,,,,,,,,,,,
27/03/2024,09:37:17,b'\r\n',,,,,,,,,,,,,,,,,
27/03/2024,09:37:17,b'220,261,38.388505,21.811612,27/3/2024,7:37:17,0.05,0.17,0.00,31.50,3,332,1009.97,21.91,0000000000000\r\n',,,
27/03/2024,09:37:18,b'221,262,38.388505,21.811612,27/3/2024,7:37:19,0.05,0.17,0.00,31.50,3,332,1009.97,21.92,0000000000000W\xd6\xdd\x12\x83\xd5!\xb6\x16\xf9\xde\xcc\x9d6\xec\xb2O\xe6\xfaf5D4\xdf\xb7/\xc2]o\x8f>\xef\r\n',,,
27/03/2024,09:37:18,b'\r\n',,,,,,,,,,,,,,,,,
27/03/2024,09:37:18,b'221,262,38.388505,21.811612,27/3/2024,7:37:19,0.05,0.17,0.00,31.50,3,332,1009.97,21.92,0000000000000\r\n',,,
27/03/2024,09:37:20,"b""222",263,38.388505,21.811612,27/3/2024,7:37:20,0.05,0.17,0.00,31.50,3,332,1009.98,21.93,0,"\xb9ty\xe84\xf6\x92\xbf|\x02(\x12\xc4\xa2\xb3\x82\x06\x03x\xda\r(\xf9'\xfe\xc8\x11\xa4F\xe6\xba\r\n""",,
27/03/2024,09:37:20,b'\r\n',,,,,,,,,,,,,,,,,
27/03/2024,09:37:20,b'222,263,38.388505,21.811612,27/3/2024,7:37:20,0.05,0.17,0.00,31.50,3,332,1009.98,21.93,0000000000000\r\n',,,
27/03/2024,09:37:21,b'223,264,38.388505,21.811612,27/3/2024,7:37:22,0.05,0.17,0.00,31.50,3,332,1009.94,21.93,0000000000000\xb0\xf33\xe4\xe3\x12Zn\n',,,
27/03/2024,09:37:21,"b""B\x1c;&\x019\xf4\xe6\xcd\x92\xe6\xe5\x0e\x0b'\xf6\x86MV)\xea\xc71\r\n""",,,,,,,,,,,,,,,,,
27/03/2024,09:37:21,b'\r\n',,,,,,,,,,,,,,,,,
27/03/2024,09:37:21,b'223,264,38.388505,21.811612,27/3/2024,7:37:22,0.05,0.17,0.00,31.50,3,332,1009.94,21.93,0000000000000\r\n',,,
27/03/2024,09:37:23,b'224,265,38.388505,21.811612,27/3/2024,7:37:23,0.05,0.17,0.00,31.50,3,332,1009.93,21.94,0000000000000w\x05f\xbf\x08\x8d\xa9\xbe%uh\xa3\x9a\x19\x1f|z\x1e\x92,H\xff\x1b\x9f\xc64\x86\xc0\xad\xf3\x03\x02\r\n',,
27/03/2024,09:37:23,b'\r\n',,,,,,,,,,,,,,,,,
27/03/2024,09:37:23,b'224,265,38.388505,21.811612,27/3/2024,7:37:23,0.05,0.17,0.00,31.50,3,332,1009.93,21.94,0000000000000\r\n',,,
27/03/2024,09:37:24,b'225,266,38.388505,21.811612,27/3/2024,7:37:25,0.05,0.17,0.00,31.50,0,9999,1009.93,21.94,000000000000\x0bW<\xa7\xf4\xab\x17\xab\x1b\x95\x1e\x1f\x11]@1\xd6l\xbd\x9aX\xbd<\xa6!\x9dB&\xee\xbf\x13\xf8\r\n',,,
27/03/2024,09:37:24,b'\r\n',,,,,,,,,,,,,,,,,
27/03/2024,09:37:24,b'225,266,38.388505,21.811612,27/3/2024,7:37:25,0.05,0.17,0.00,31.50,0,9999,1009.93,21.94,000000000000\r\n',,,
27/03/2024,09:37:26,b'226,267,38.388505,21.811612,27/3/2024,7:37:26,0.05,0.17,0.00,31.50,0,9999,1009.93,21.96,000000000000v\x81L\n',,,
27/03/2024,09:37:26,b'V}\xbb66\\\x10l\xd6\xf8\xf0>Q\xe5\xd6$O\xbc\x9b\xda\x8d\xc6\x88\xdaZ\xc6\xb42\r\n',,,,,,,,,,,,,,,,,
27/03/2024,09:37:26,b'\r\n',,,,,,,,,,,,,,,,,
27/03/2024,09:37:26,b'226,267,38.388505,21.811612,27/3/2024,7:37:26,0.05,0.17,0.00,31.50,0,9999,1009.93,21.96,000000000000\r\n',,,
27/03/2024,09:37:27,"b""227",268,38.388505,21.811612,27/3/2024,7:37:28,0.05,0.17,0.00,31.50,0,9999,1009.91,21.97,"000000000000\xcb\xa2\x8d\x1b\xfb\x0eU\x1e'\xe1\xca\xb2\x17\xe3\xd1\rC\xcf\x98\xff\xde\xf03\xbar\x88\xd5\x98lwuV\r\n""",,,
27/03/2024,09:37:27,b'\r\n',,,,,,,,,,,,,,,,,
27/03/2024,09:37:27,b'227,268,38.388505,21.811612,27/3/2024,7:37:28,0.05,0.17,0.00,31.50,0,9999,1009.91,21.97,000000000000\r\n',,,
27/03/2024,09:37:29,b'228,269,38.388505,21.811612,27/3/2024,7:37:29,0.05,0.17,0.00,31.50,0,9999,1009.98,21.97,"000000000000m}W\xbaE\xf0""t\xf7\xa8\x8b_\xe3\x98\xf0\xd5\xf0""\xcbN:\x07\\\x83:s\xeb\xe8i$\x81\xe5\r\n'",,,
27/03/2024,09:37:29,b'\r\n',,,,,,,,,,,,,,,,,
27/03/2024,09:37:29,b'228,269,38.388505,21.811612,27/3/2024,7:37:29,0.05,0.17,0.00,31.50,0,9999,1009.98,21.97,000000000000\r\n',,,
27/03/2024,09:37:30,b'229,270,38.388505,21.811612,27/3/2024,7:37:31,0.05,0.17,0.00,31.50,0,9999,1009.96,21.99,000000000000\xe5q\x8at\xd48^\xe6:\x07\xb5s\xa1\xb8n\x9a\x16\r\xd7\x97F0\xb8W\xe0e\xe4BsyU\x8a\r\n',,,
27/03/2024,09:37:30,b'\r\n',,,,,,,,,,,,,,,,,
27/03/2024,09:37:30,b'229,270,38.388505,21.811612,27/3/2024,7:37:31,0.05,0.17,0.00,31.50,0,9999,1009.96,21.99,000000000000\r\n',,,
27/03/2024,09:37:32,"b""230",271,38.388505,21.811612,27/3/2024,7:37:32,0.05,0.17,0.00,31.50,0,9999,1009.97,21.99,"000000000000F\xccFlmK\xf5\xae2\xf6\x18\xf6\xe1\xe4\xae\x8ca'6\xd8\xb51\xd74\x99\xe5{.^bi|\r\n""",,,
27/03/2024,09:37:32,b'\r\n',,,,,,,,,,,,,,,,,
27/03/2024,09:37:32,b'230,271,38.388505,21.811612,27/3/2024,7:37:32,0.05,0.17,0.00,31.50,0,9999,1009.97,21.99,000000000000\r\n',,,
27/03/2024,09:37:33,b'231,272,38.388505,21.811612,27/3/2024,7:37:34,0.05,0.17,0.00,31.50,0,9999,1009.94,22.00,000000000000O\xad\x0fJ\x18q\x16Ch\x9az\xa1\x1f\xf1\x18l\x0cs\x8f\xf2\x86&g\xbfnIk\x1b\xa8?\xc1I\r\n',,,
27/03/2024,09:37:33,b'\r\n',,,,,,,,,,,,,,,,,
27/03/2024,09:37:33,b'231,272,38.388505,21.811612,27/3/2024,7:37:34,0.05,0.17,0.00,31.50,0,9999,1009.94,22.00,000000000000\r\n',,,
27/03/2024,09:37:35,b'232,273,38.388505,21.811612,27/3/2024,7:37:35,0.05,0.17,0.00,31.50,3,332,1009.89,22.01,0000000000000Q\x129\xb9^K\xad\x89H\x19\x86\xfb\xfc\x04;Z\xb7Hl\xb5\xc9ZO\xfe\xc8V\x02F{\xd5\x110\r\n',,,
27/03/2024,09:37:35,b'\r\n',,,,,,,,,,,,,,,,,
27/03/2024,09:37:35,b'232,273,38.388505,21.811612,27/3/2024,7:37:35,0.05,0.17,0.00,31.50,3,332,1009.89,22.01,0000000000000\r\n',,,
27/03/2024,09:37:36,"b""233",274,38.388505,21.811612,27/3/2024,7:37:37,0.05,0.17,0.00,31.50,3,332,1009.87,21.99,"0000000000000@\rr==J\xcd1'lR}\\\x15\x99\xf4\xd8\x1d\x9a\x8c\xe6GI\x7f\xbd\xbe\x1b7q\xd5\x9b\x82\r\n""",,,
27/03/2024,09:37:36,b'\r\n',,,,,,,,,,,,,,,,,
27/03/2024,09:37:36,b'233,274,38.388505,21.811612,27/3/2024,7:37:37,0.05,0.17,0.00,31.50,3,332,1009.87,21.99,0000000000000\r\n',,,
27/03/2024,09:37:38,b'234,275,38.388505,21.811612,27/3/2024,7:37:38,0.05,0.17,0.00,31.50,0,9999,1009.92,22.00,000000000000\xb92\x99P\x1d\xf3\x9e\xc3\x95\xc0i\x12\x96\xac+\xa8\xc8Z\x8fn\x18,\x85\xc0F\xaa\xec@i5\x8b\xe4\r\n',,
27/03/2024,09:37:38,b'\r\n',,,,,,,,,,,,,,,,,
27/03/2024,09:37:38,b'234,275,38.388505,21.811612,27/3/2024,7:37:38,0.05,0.17,0.00,31.50,0,9999,1009.92,22.00,000000000000\r\n',,,
27/03/2024,09:37:39,b'235,276,38.388505,21.811612,27/3/2024,7:37:40,0.05,0.17,0.00,31.50,0,9999,1009.94,22.00,000000000000\xf5I<E\tK\x98at\xfbd+\x07[,\xd5\x19\x15\x1dv\x1f5\xf5\x1bi$\x19y\xb7\xa9\xd4B\r\n',,
27/03/2024,09:37:39,b'\r\n',,,,,,,,,,,,,,,,,
27/03/2024,09:37:39,b'235,276,38.388505,21.811612,27/3/2024,7:37:40,0.05,0.17,0.00,31.50,0,9999,1009.94,22.00,000000000000\r\n',,,
27/03/2024,09:37:41,b'236,277,38.388505,21.811612,27/3/2024,7:37:41,0.05,0.17,0.00,31.50,3,332,1009.89,22.01,0000000000000\xeb\xf6\n',,,
27/03/2024,09:37:41,b'\xb6Oq#\xabTx\x98q\xe4\xae\x0f\xe3\xa2.\xfe1PI\xddZ\xcf;p$dC\x04;\r\n',,,,,,,,,,,,,,,,,
27/03/2024,09:37:41,b'\r\n',,,,,,,,,,,,,,,,,
27/03/2024,09:37:41,b'236,277,38.388505,21.811612,27/3/2024,7:37:41,0.05,0.17,0.00,31.50,3,332,1009.89,22.01,0000000000000\r\n',,,
27/03/2024,09:37:42,b'237,278,38.388505,21.811612,27/3/2024,7:37:43,0.05,0.17,0.00,31.50,3,332,1009.94,22.02,0000000000000Xl\xce\x1a\x1e\x84\x14\x85u\x82\x99;\xb2\x1fo\x93\xf9B,z5\xbb@\xad\x8c\x92c_\xdan\xd73\r\n',,
27/03/2024,09:37:42,b'\r\n',,,,,,,,,,,,,,,,,
27/03/2024,09:37:42,b'237,278,38.388505,21.811612,27/3/2024,7:37:43,0.05,0.17,0.00,31.50,3,332,1009.94,22.02,0000000000000\r\n',,,
27/03/2024,09:37:44,b'238,279,38.388505,21.811612,27/3/2024,7:37:44,0.05,0.17,0.00,31.50,3,332,1009.98,22.02,0000000000000g\x11\xc9\xb6\xd0z\x9ab\x9dy\x8c\xa8\x00\x06\xd9\x80\x10\x1cV\x03\xabr\xfb\xf0>\xc78Z\xc6.\xf5\xd0\r\n',,,
27/03/2024,09:37:44,b'\r\n',,,,,,,,,,,,,,,,,
27/03/2024,09:37:44,b'238,279,38.388505,21.811612,27/3/2024,7:37:44,0.05,0.17,0.00,31.50,3,332,1009.98,22.02,0000000000000\r\n',,,
27/03/2024,09:37:45,b'239,280,38.388505,21.811612,27/3/2024,7:37:46,0.05,0.17,0.00,31.50,3,332,1009.94,22.03,0000000000000\xf98MJ\xbc#\xf5\xe1`[\xed,\xb1\x89\x03\x1c.\xedXR\xc5\xa5\r\xcah\xc3\xa3\xabG/\xe7\x90\r\n',,
27/03/2024,09:37:45,b'\r\n',,,,,,,,,,,,,,,,,
27/03/2024,09:37:45,b'239,280,38.388505,21.811612,27/3/2024,7:37:46,0.05,0.17,0.00,31.50,3,332,1009.94,22.03,0000000000000\r\n',,,
27/03/2024,09:37:47,b'240,281,38.388505,21.811612,27/3/2024,7:37:47,0.05,0.17,0.00,31.50,3,332,1009.94,22.03,"0000000000000\x97\xd1""^\xe5\xd8\xf4E\xdb#\xd8M\xcb\xf1u:\xa22J\x89_\xb0\x08\xe6\xb8\xeb\xf1\x80lx\xa1{\r\n'",,,
27/03/2024,09:37:47,b'\r\n',,,,,,,,,,,,,,,,,
27/03/2024,09:37:47,b'240,281,38.388505,21.811612,27/3/2024,7:37:47,0.05,0.17,0.00,31.50,3,332,1009.94,22.03,0000000000000\r\n',,,
27/03/2024,09:37:48,"b""241",282,38.388505,21.811612,27/3/2024,7:37:49,0.05,0.17,0.00,31.50,3,332,1009.94,22.03,"0000000000000G/z\x97\xc7\xac{_\x07\x1f\xf1]\x1eU\x08\xe1g7'\x13\x1e\t\xac\xf1\x97\x8bUOr\x8c\xf4\xe3\r\n""",,,
27/03/2024,09:37:48,b'\r\n',,,,,,,,,,,,,,,,,
27/03/2024,09:37:48,b'241,282,38.388505,21.811612,27/3/2024,7:37:49,0.05,0.17,0.00,31.50,3,332,1009.94,22.03,0000000000000\r\n',,,
27/03/2024,09:37:50,b'242,283,38.388505,21.811612,27/3/2024,7:37:50,0.05,0.17,0.00,31.50,3,332,1009.92,22.05,00000000000002%\xbf\x8d\xb6\x1a\xc1q\xd5\x9b\x04\x0f\xd9\xbf\xfe\xa2\x94!\xaf\\\x16\xedc\xc8l\x94Q},\xaeug\r\n',,
27/03/2024,09:37:50,b'\r\n',,,,,,,,,,,,,,,,,
27/03/2024,09:37:50,b'242,283,38.388505,21.811612,27/3/2024,7:37:50,0.05,0.17,0.00,31.50,3,332,1009.92,22.05,0000000000000\r\n',,,
27/03/2024,09:37:51,b'243,284,38.388505,21.811612,27/3/2024,7:37:52,0.05,0.17,0.00,31.50,3,332,1009.97,22.05,0000000000000\x99\xaan\xab\x16\x9a\xbf\xfb\x04!4\xaf*r\xfb\xd3\xad\xcd!\x130\xf0\xd4\x8c|\xe3\xfa\x0f\xc1\xd6\xdd\x8e\r\n',,,
27/03/2024,09:37:51,b'\r\n',,,,,,,,,,,,,,,,,
27/03/2024,09:37:51,b'243,284,38.388505,21.811612,27/3/2024,7:37:52,0.05,0.17,0.00,31.50,3,332,1009.97,22.05,0000000000000\r\n',,,
27/03/2024,09:37:53,b'244,285,38.388505,21.811612,27/3/2024,7:37:53,0.05,0.17,0.00,31.50,3,332,1009.92,22.05,0000000000000\xce\xe4\x81.o/\xab\xbfU\xd3x\xdbL\xdc\xdb\xeb\x00nW\xb5\x1eR\xea\x9d`\x1e\xd1RkD\x7f_\r\n',,,
27/03/2024,09:37:53,b'\r\n',,,,,,,,,,,,,,,,,
27/03/2024,09:37:53,b'244,285,38.388505,21.811612,27/3/2024,7:37:53,0.05,0.17,0.00,31.50,3,332,1009.92,22.05,0000000000000\r\n',,,
27/03/2024,09:37:54,b'245,286,38.388505,21.811612,27/3/2024,7:37:55,0.05,0.17,0.00,31.50,3,332,1009.93,22.07,0000000000000\xf7j8\x7fnWpM\xcc\xa1\x0f\x06#}\xfe\r\xd3\xac.\x03\xcf8\x9em\xdfy\xec]\xa6\xa0\x06A\r\n',,,
27/03/2024,09:37:54,b'\r\n',,,,,,,,,,,,,,,,,
27/03/2024,09:37:54,b'245,286,38.388505,21.811612,27/3/2024,7:37:55,0.05,0.17,0.00,31.50,3,332,1009.93,22.07,0000000000000\r\n',,,
27/03/2024,09:37:56,b'246,287,38.388505,21.811612,27/3/2024,7:37:56,0.05,0.17,0.00,31.50,3,332,1009.88,22.07,0000000000000Z\xee<\xc1\x84\x92\x82=w\xdf\n',,,
27/03/2024,09:37:56,b'\x86\xf1\xc3-\xb8\xb3\x8b\xcf\xce\x99\xfe\xa3\xd3C\x1b\x1b\xcc\xb7\xd2p\xc8\r\n',,,,,,,,,,,,,,,,,
27/03/2024,09:37:56,b'\r\n',,,,,,,,,,,,,,,,,
27/03/2024,09:37:56,b'246,287,38.388505,21.811612,27/3/2024,7:37:56,0.05,0.17,0.00,31.50,3,332,1009.88,22.07,0000000000000\r\n',,,
27/03/2024,09:37:57,b'247,288,38.388505,21.811612,27/3/2024,7:37:58,0.05,0.17,0.00,31.50,3,332,1009.93,22.09,0000000000000X\xfe\xb7\xa2\x19\x08?X\xa6\xe5\x07a\xb2}\xfb\x11\xf7\xad\x90jA\x9b\x17J\xda*\x83\x1bq\xca\x138\r\n',,,
27/03/2024,09:37:57,b'\r\n',,,,,,,,,,,,,,,,,
27/03/2024,09:37:57,b'247,288,38.388505,21.811612,27/3/2024,7:37:58,0.05,0.17,0.00,31.50,3,332,1009.93,22.09,0000000000000\r\n',,,
27/03/2024,09:37:59,b'248,289,38.388505,21.811612,27/3/2024,7:37:59,0.05,0.17,0.00,31.50,3,332,1010.00,22.09,0000000000000\x04\x00\x86 \x05\x117/\x10)x\xe3\x8b\x1d\x1eL\x12G8/\xe8\xc6\x97BD\xfb\xf8\x94\xa9#o_\r\n',,,
27/03/2024,09:37:59,b'\r\n',,,,,,,,,,,,,,,,,
27/03/2024,09:37:59,b'248,289,38.388505,21.811612,27/3/2024,7:37:59,0.05,0.17,0.00,31.50,3,332,1010.00,22.09,0000000000000\r\n',,,
27/03/2024,09:38:00,b'249,290,38.388505,21.811612,27/3/2024,7:38:1,0.05,0.17,0.00,31.50,3,332,1009.99,22.09,00000000000000\xc7\xc1\x93\xa4:J\x92\xf24j\xa5\xaa\x8f\x1fz\x0b\x88\x87\x1d\x83\xea\xe7\x16\x8b\xa2\n',,,
27/03/2024,09:38:00,b'n\xc7\xb1\xcf\x0e\xfb\r\n',,,,,,,,,,,,,,,,,
27/03/2024,09:38:00,b'\r\n',,,,,,,,,,,,,,,,,
27/03/2024,09:38:00,b'249,290,38.388505,21.811612,27/3/2024,7:38:1,0.05,0.17,0.00,31.50,3,332,1009.99,22.09,00000000000000\r\n',,,
27/03/2024,09:38:02,b'250,291,38.388505,21.811612,27/3/2024,7:38:2,0.05,0.17,0.00,31.50,3,331,1009.93,22.10,"00000000000000\xe4]S\xa0\xfd\xbe\xc0""\x8f\xd1@\xe2D\xae\x92-\xc3W\xab!\xf0\xe0GO:\xa4(\\=.-\x89\r\n'",,,
27/03/2024,09:38:02,b'\r\n',,,,,,,,,,,,,,,,,
27/03/2024,09:38:02,b'250,291,38.388505,21.811612,27/3/2024,7:38:2,0.05,0.17,0.00,31.50,3,331,1009.93,22.10,00000000000000\r\n',,,
27/03/2024,09:38:03,b'251,292,38.388505,21.811612,27/3/2024,7:38:4,0.05,0.17,0.00,31.50,3,331,1009.94,22.11,00000000000000\x04;\xa6\xc2\x96!ya\xb4`W\xca\xe7;\xcfP\x1e\xfbd\xc1\xe6\x1c\xdcRg\xa9X\xf4\xd6H!\r\r\n',,,
27/03/2024,09:38:03,b'\r\n',,,,,,,,,,,,,,,,,
27/03/2024,09:38:03,b'251,292,38.388505,21.811612,27/3/2024,7:38:4,0.05,0.17,0.00,31.50,3,331,1009.94,22.11,00000000000000\r\n',,,
27/03/2024,09:38:05,b'252,293,38.388505,21.811612,27/3/2024,7:38:5,0.05,0.17,0.00,31.50,3,331,1009.94,22.11,00000000000000\xc5\x85\x85l\xf8\x8c\xeb\x7f\x8a\xf0\xd4\x0e\x11\xc3\xbb\x99;\x94J\xaaU\xc5\xb4\x11T\xe5;K\x12\x8e\x85\xa1\r\n',,,
27/03/2024,09:38:05,b'\r\n',,,,,,,,,,,,,,,,,
27/03/2024,09:38:05,b'252,293,38.388505,21.811612,27/3/2024,7:38:5,0.05,0.17,0.00,31.50,3,331,1009.94,22.11,00000000000000\r\n',,,
27/03/2024,09:38:06,b'253,294,38.388505,21.811612,27/3/2024,7:38:7,0.05,0.17,0.00,31.50,3,331,1009.96,22.10,00000000000000gGMM*\xe9w\xeb\x13\x08\xf8c\x8e-H\xf7T\x96\xbb\xef\x80H\xf1(r\xcaW\xf7\x99X\x8a+\r\n',,,
27/03/2024,09:38:06,b'\r\n',,,,,,,,,,,,,,,,,
27/03/2024,09:38:06,b'253,294,38.388505,21.811612,27/3/2024,7:38:7,0.05,0.17,0.00,31.50,3,331,1009.96,22.10,00000000000000\r\n',,,
27/03/2024,09:38:08,b'254,295,38.388505,21.811612,27/3/2024,7:38:8,0.05,0.17,0.00,31.50,3,331,1009.90,22.10,00000000000000-s\x89(w\xe3}2\xc8\x9f\x0fw=X\x81\x97\x80\x893\x1f\x9e\xc8\xcae[\x0b\x8cU\xb7,\xc0b\r\n',,
27/03/2024,09:38:08,b'\r\n',,,,,,,,,,,,,,,,,
27/03/2024,09:38:08,b'254,295,38.388505,21.811612,27/3/2024,7:38:8,0.05,0.17,0.00,31.50,3,331,1009.90,22.10,00000000000000\r\n',,,
27/03/2024,09:38:09,b'255,296,38.388505,21.811612,27/3/2024,7:38:10,0.05,0.17,0.00,31.50,3,331,1009.95,22.12,0000000000000&Wh\xf9\x91\xbf\xf4\xcf\xee\xe7\xc2\xd2I\xa9}9\x10\x0eF\xc5\xbf\xb24L\xe0\x9f\x0bs\xfd$\xe0\x87\r\n',,,
27/03/2024,09:38:09,b'\r\n',,,,,,,,,,,,,,,,,
27/03/2024,09:38:09,b'255,296,38.388505,21.811612,27/3/2024,7:38:10,0.05,0.17,0.00,31.50,3,331,1009.95,22.12,0000000000000\r\n',,,
27/03/2024,09:38:11,b'256,297,38.388505,21.811612,27/3/2024,7:38:11,0.05,0.17,0.00,31.50,3,331,1009.91,22.12,0000000000000|k\xfe\x00\xb1\x1cC\x19/n1Fz\x9b\xb8\x07C\x13}z\xb5\xc0T\xf6\xc0\n',,,
27/03/2024,09:38:11,b'\x9f\x92\x89|v\xaf\r\n',,,,,,,,,,,,,,,,,
27/03/2024,09:38:11,b'\r\n',,,,,,,,,,,,,,,,,
27/03/2024,09:38:11,b'256,297,38.388505,21.811612,27/3/2024,7:38:11,0.05,0.17,0.00,31.50,3,331,1009.91,22.12,0000000000000\r\n',,,
27/03/2024,09:38:12,"b""257",298,38.388505,21.811612,27/3/2024,7:38:13,0.05,0.17,0.00,31.50,3,331,1009.89,22.12,"0000000000000z\xa4\x92\x92\xbfw\xf3'r\xb8\xb8V\x00\xc4\xf3\xfb\x97a\x16\xf1\xc5\xe3\x19\xe7k\xf3|\x07\x82/G\xf3\r\n""",,,
27/03/2024,09:38:12,b'\r\n',,,,,,,,,,,,,,,,,
27/03/2024,09:38:12,b'257,298,38.388505,21.811612,27/3/2024,7:38:13,0.05,0.17,0.00,31.50,3,331,1009.89,22.12,0000000000000\r\n',,,
27/03/2024,09:38:14,b'258,299,38.388505,21.811612,27/3/2024,7:38:14,0.05,0.17,0.00,31.50,3,331,1009.92,22.12,0000000000000*\x84\xc2;\xb6\x04q:_0\xe7E;[\xdbX\x12!\x1e\xc3]\x88:6\xbd\xa0\x14+\xfcY?\x1a\r\n',,,
27/03/2024,09:38:14,b'\r\n',,,,,,,,,,,,,,,,,
27/03/2024,09:38:14,b'258,299,38.388505,21.811612,27/3/2024,7:38:14,0.05,0.17,0.00,31.50,3,331,1009.92,22.12,0000000000000\r\n',,,
27/03/2024,09:38:15,b'259,300,38.388505,21.811612,27/3/2024,7:38:16,0.05,0.17,0.00,31.50,3,331,1009.92,22.13,0000000000000\xb1\xce\x94]Es!\x8dw\xe8k\x18A\xf5\x1c\xaeBj\xbe\xc9\xc55/\x1d\xf2\xbe\x0b\x12\x1a\x0b\xa1\xa9\r\n',,,
27/03/2024,09:38:15,b'\r\n',,,,,,,,,,,,,,,,,
27/03/2024,09:38:15,b'259,300,38.388505,21.811612,27/3/2024,7:38:16,0.05,0.17,0.00,31.50,3,331,1009.92,22.13,0000000000000\r\n',,,
27/03/2024,09:38:17,"b""260",301,38.388505,21.811612,27/3/2024,7:38:17,0.05,0.17,0.00,31.50,3,331,1009.86,22.13,0000000000000\xa7\xec'\xc80?\xd4x\xa4n\xc8\x96M\xb2\xc62\xbdt\tr5\xefP]\x02(\xb6\xc9,")\xe1^\r\n""",,
27/03/2024,09:38:17,b'\r\n',,,,,,,,,,,,,,,,,
27/03/2024,09:38:17,b'260,301,38.388505,21.811612,27/3/2024,7:38:17,0.05,0.17,0.00,31.50,3,331,1009.86,22.13,0000000000000\r\n',,,
27/03/2024,09:38:18,b'261,302,38.388505,21.811612,27/3/2024,7:38:19,0.05,0.17,0.00,31.50,3,331,1009.95,22.15,0000000000000)c\x81\xaaR#\xd8\x17\xf6\x81\x92\x9b8\xaalx\x8ai\x98\xa0\xbd_\xc2\xfb\xf1\xe4\xe8\xc8g\x8f2\xd3\r\n',,,
27/03/2024,09:38:18,b'\r\n',,,,,,,,,,,,,,,,,
27/03/2024,09:38:18,b'261,302,38.388505,21.811612,27/3/2024,7:38:19,0.05,0.17,0.00,31.50,3,331,1009.95,22.15,0000000000000\r\n',,,
27/03/2024,09:38:20,b'262,303,38.388505,21.811612,27/3/2024,7:38:20,0.05,0.17,0.00,31.50,3,331,1009.93,22.14,0000000000000e\xc9\xbez\x92d\xddE;\x80`\xccpP\xbcO\x1a\xae,oK\x08JG\xa0:\xcc\xb1\xcc\x92c\xe4\r\n',,
27/03/2024,09:38:20,b'\r\n',,,,,,,,,,,,,,,,,
27/03/2024,09:38:20,b'262,303,38.388505,21.811612,27/3/2024,7:38:20,0.05,0.17,0.00,31.50,3,331,1009.93,22.14,0000000000000\r\n',,,
27/03/2024,09:38:21,b'263,304,38.388505,21.811612,27/3/2024,7:38:22,0.05,0.17,0.00,31.50,3,331,1009.91,22.16,0000000000000\xeeR-\xff\x01\xed\xfa\xb6\xd9\x82\x1f\xe0\x15\xb5n;\xdc\xe8\x98\xb9\xa4[\xc8\xe7<Ex\xcb\xd2tCg\r\n',,,
27/03/2024,09:38:21,b'\r\n',,,,,,,,,,,,,,,,,
27/03/2024,09:38:21,b'263,304,38.388505,21.811612,27/3/2024,7:38:22,0.05,0.17,0.00,31.50,3,331,1009.91,22.16,0000000000000\r\n',,,
27/03/2024,09:38:23,"b""264",305,38.388505,21.811612,27/3/2024,7:38:23,0.05,0.17,0.00,31.50,3,331,1009.90,22.16,"0000000000000\x8d\xc9;\x97\x01\x00X\x80\xf2\x81\x953:Q\xfd\x1b\xae\x89\xc7{\x1a\x9e\x93`\xd0\x05\x95\\'\xe91u\r\n""",,,
27/03/2024,09:38:23,b'\r\n',,,,,,,,,,,,,,,,,
27/03/2024,09:38:23,b'264,305,38.388505,21.811612,27/3/2024,7:38:23,0.05,0.17,0.00,31.50,3,331,1009.90,22.16,0000000000000\r\n',,,
27/03/2024,09:38:24,b'265,306,38.388505,21.811612,27/3/2024,7:38:25,0.05,0.17,0.00,31.50,3,331,1009.87,22.17,"0000000000000Z\x9a\x84\x10\xe13\xbe\xea\xa8]\xe6\x93\xb9\xd2\xde\xd9A\x89\\""H\xe0\xcal\x13\x89\xad^bJ \xf6\r\n'",,,
27/03/2024,09:38:24,b'\r\n',,,,,,,,,,,,,,,,,
27/03/2024,09:38:24,b'265,306,38.388505,21.811612,27/3/2024,7:38:25,0.05,0.17,0.00,31.50,3,331,1009.87,22.17,0000000000000\r\n',,,
27/03/2024,09:38:26,b'266,307,38.388505,21.811612,27/3/2024,7:38:26,0.05,0.17,0.00,31.50,3,331,1009.86,22.18,0000000000000ON0\xd4\x802\xc4s<!S\xee\x9cp*\x12\xe3\xa2wb\x8e\x1e\xfe\xc2n\xf4\x16\xdb\xca\xb8K\x1f\r\n',,,
27/03/2024,09:38:26,b'\r\n',,,,,,,,,,,,,,,,,
27/03/2024,09:38:26,b'266,307,38.388505,21.811612,27/3/2024,7:38:26,0.05,0.17,0.00,31.50,3,331,1009.86,22.18,0000000000000\r\n',,,
27/03/2024,09:38:27,b'267,308,38.388505,21.811612,27/3/2024,7:38:28,0.05,0.17,0.00,31.50,3,331,1009.91,22.18,0000000000000\x18\x84=\xd1\xd6L\xdb\xc7\xe5s\xbf\x9f\xe4+\x8b\xf6f\xfd\x96rp\x13\xdc%R<\xc2\x0e\xee\xb5Y\xad\r\n',,,
27/03/2024,09:38:27,b'\r\n',,,,,,,,,,,,,,,,,
27/03/2024,09:38:27,b'267,308,38.388505,21.811612,27/3/2024,7:38:28,0.05,0.17,0.00,31.50,3,331,1009.91,22.18,0000000000000\r\n',,,
27/03/2024,09:38:29,b'268,309,38.388505,21.811612,27/3/2024,7:38:29,0.05,0.17,0.00,31.50,3,331,1009.83,22.18,0000000000000 \x97\x85Qht\xc3yq\xf2\xb9k\x0b\x035,\xa7@\x92\x9fX\x13z\xb8*\xc7\xdaz&\x11\xa1v\r\n',,
27/03/2024,09:38:29,b'\r\n',,,,,,,,,,,,,,,,,
27/03/2024,09:38:29,b'268,309,38.388505,21.811612,27/3/2024,7:38:29,0.05,0.17,0.00,31.50,3,331,1009.83,22.18,0000000000000\r\n',,,
27/03/2024,09:38:30,b'269,310,38.388505,21.811612,27/3/2024,7:38:30,0.05,0.17,0.00,31.50,3,331,1009.90,22.19,0000000000000\xec\xa5]G\xce(\xff\xb0J\x97\r\xa0\xd8\x95@&\xc8\xca3scM\x9b\xa5mA\x98T\xf2*$\xf5\r\n',,,
27/03/2024,09:38:30,b'\r\n',,,,,,,,,,,,,,,,,
27/03/2024,09:38:30,b'269,310,38.388505,21.811612,27/3/2024,7:38:30,0.05,0.17,0.00,31.50,3,331,1009.90,22.19,0000000000000\r\n',,,
27/03/2024,09:38:32,b'270,311,38.388505,21.811612,27/3/2024,7:38:32,0.05,0.17,0.00,31.50,3,331,1009.84,22.20,0000000000000\xd1\x90\xd4\x98r\xc7/%\x12\xa17\x80\xde\xadCS_\xac\x80\xdd\x10 \xbe,as\x1d\xce\xde\xf0\x81\xa1\r\n',,
27/03/2024,09:38:32,b'\r\n',,,,,,,,,,,,,,,,,
27/03/2024,09:38:32,b'270,311,38.388505,21.811612,27/3/2024,7:38:32,0.05,0.17,0.00,31.50,3,331,1009.84,22.20,0000000000000\r\n',,,
27/03/2024,09:38:33,b'271,312,38.388505,21.811612,27/3/2024,7:38:33,0.05,0.17,0.00,31.50,3,331,1009.92,22.20,"0000000000000\xf1\xcbaX\xf8\x17\xbb\x04\xdcZ\xb0rv\xa1Q\x84\xb8\xcds\x0e\xe6\xb5x\xc6q\xf3\xa6\xf6\xa6\xf7""B\r\n'",,,
27/03/2024,09:38:33,b'\r\n',,,,,,,,,,,,,,,,,
27/03/2024,09:38:33,b'271,312,38.388505,21.811612,27/3/2024,7:38:33,0.05,0.17,0.00,31.50,3,331,1009.92,22.20,0000000000000\r\n',,,
27/03/2024,09:38:37,b'274,315,38.388505,21.811612,27/3/2024,7:38:38,0.05,0.17,0.00,31.50,3,331,1009.88,22.23,0000000000000N \x9d\xf18\xa8\xd6\xe60\x88\x86\xca\x1cK\xd0@I\xda\xb2jf\x89\xc3\xe8\xd4I\xeb\xb3\xaf\x15\xfa\x8c\r\n',,,
27/03/2024,09:38:37,b'\r\n',,,,,,,,,,,,,,,,,
27/03/2024,09:38:38,b'274,315,38.388505,21.811612,27/3/2024,7:38:38,0.05,0.17,0.00,31.50,3,331,1009.88,22.23,0000000000000\r\n',,,
27/03/2024,09:38:39,b'275,316,38.388505,21.811612,27/3/2024,7:38:39,0.05,0.17,0.00,31.50,3,331,1009.88,22.24,0000000000000\x86\x08Nn\x0c\xe5Q\x02\xe8H\xafi\x18\xceh\x9d\xec\n',,,
27/03/2024,09:38:39,b'\x92\xe7y\x80Q\xc7\xc88_\xb0\xe4\xec9\x91\r\n',,,,,,,,,,,,,,,,,
27/03/2024,09:38:39,b'\r\n',,,,,,,,,,,,,,,,,
27/03/2024,09:38:39,b'275,316,38.388505,21.811612,27/3/2024,7:38:39,0.05,0.17,0.00,31.50,3,331,1009.88,22.24,0000000000000\r\n',,,
27/03/2024,09:38:40,b'276,317,38.388505,21.811612,27/3/2024,7:38:41,0.05,0.17,0.00,31.50,3,331,1009.86,22.25,0000000000000\xa1\xd9\xf2p\xf0B?W\xc2t\xec\xe8\\\xf4\xc7\x9c\xda\x19B\x13e\xcf-V\x19v_\xff\xd7\x94\xf9D\r\n',,,
27/03/2024,09:38:40,b'\r\n',,,,,,,,,,,,,,,,,
27/03/2024,09:38:40,b'276,317,38.388505,21.811612,27/3/2024,7:38:41,0.05,0.17,0.00,31.50,3,331,1009.86,22.25,0000000000000\r\n',,,
27/03/2024,09:38:42,b'277,318,38.388505,21.811612,27/3/2024,7:38:42,0.05,0.17,0.00,31.50,3,331,1009.88,22.25,0000000000000\xbd\x10\xa5W\x91\x11<]a\x19\x08u\x87\xfe\x00]\xe2\x1bk<\x8a\xf2/\xb2v\xaa\xde\x97\xb2:+\xf3\r\n',,,
27/03/2024,09:38:42,b'\r\n',,,,,,,,,,,,,,,,,
27/03/2024,09:38:42,b'277,318,38.388505,21.811612,27/3/2024,7:38:42,0.05,0.17,0.00,31.50,3,331,1009.88,22.25,0000000000000\r\n',,,
27/03/2024,09:38:43,b'278,319,38.388505,21.811612,27/3/2024,7:38:44,0.05,0.17,0.00,31.50,3,331,1009.98,22.26,0000000000000f\xca\xac\xde\x0f\x9b\xb9\xa3(\xf6s\xf8\x9c;\xeb\xdd\x0b\xafF\xa6_0F\xbb\xa1\xe8\x9c\x1b\xeb\xab9\xe1\r\n',,,
27/03/2024,09:38:43,b'\r\n',,,,,,,,,,,,,,,,,
27/03/2024,09:38:43,b'278,319,38.388505,21.811612,27/3/2024,7:38:44,0.05,0.17,0.00,31.50,3,331,1009.98,22.26,0000000000000\r\n',,,
27/03/2024,09:38:45,b'279,320,38.388505,21.811612,27/3/2024,7:38:45,0.05,0.17,0.00,31.50,3,331,1009.98,22.25,000000000000037\x15\x00\xe0\x8ePJ\xee\xfd\xe0\xb5o\xf85F\xec\xe9@M\xe9]5\x14\xe0V\xea\xf3\x88\xbf\x1d\xc3\r\n',,,
27/03/2024,09:38:45,b'\r\n',,,,,,,,,,,,,,,,,
27/03/2024,09:38:45,b'279,320,38.388505,21.811612,27/3/2024,7:38:45,0.05,0.17,0.00,31.50,3,331,1009.98,22.25,0000000000000\r\n',,,
27/03/2024,09:38:46,b'280,321,38.388505,21.811612,27/3/2024,7:38:47,0.05,0.17,0.00,31.50,3,331,1009.89,22.25,0000000000000\x94\xc9\x19M\xbbt\x94\xbb79\x8fV\xf8\xb8\xbdD\xb0\xe6\x14\x8cw\x84\xf7\x02e\xc8\x01\xe6T[3&\r\n',,,
27/03/2024,09:38:46,b'\r\n',,,,,,,,,,,,,,,,,
27/03/2024,09:38:46,b'280,321,38.388505,21.811612,27/3/2024,7:38:47,0.05,0.17,0.00,31.50,3,331,1009.89,22.25,0000000000000\r\n',,,
27/03/2024,09:38:48,b'281,322,38.388505,21.811612,27/3/2024,7:38:48,0.05,0.17,0.00,31.50,3,331,1009.88,22.27,00000000000002;\x1d\xfe\x90\xde\xb3\xcf4\t\xd4]%\x14\x84\x05\xca:\xdf/\x9a\xc56\xfe\xd2\x86\xf1\xe6\x95\xb6\xdb\xe0\r\n',,,
27/03/2024,09:38:48,b'\r\n',,,,,,,,,,,,,,,,,
27/03/2024,09:38:48,b'281,322,38.388505,21.811612,27/3/2024,7:38:48,0.05,0.17,0.00,31.50,3,331,1009.88,22.27,0000000000000\r\n',,,
27/03/2024,09:38:49,"b""282",323,38.388505,21.811612,27/3/2024,7:38:50,0.05,0.17,0.00,31.50,3,331,1009.93,22.27,"0000000000000'\xef\xd7Qig\n""",,,
27/03/2024,09:38:49,b'gp\x15\xfe\xd6N\xf6Mx(\xde7@\x03PUH\x1ct\xd5T\x0c_T\xde\r\n',,,,,,,,,,,,,,,,,
27/03/2024,09:38:49,b'\r\n',,,,,,,,,,,,,,,,,
27/03/2024,09:38:49,b'282,323,38.388505,21.811612,27/3/2024,7:38:50,0.05,0.17,0.00,31.50,3,331,1009.93,22.27,0000000000000\r\n',,,
27/03/2024,09:38:51,b'283,324,38.388505,21.811612,27/3/2024,7:38:51,0.05,0.17,0.00,31.50,3,331,1009.92,22.26,0000000000000\xbfk\xd8\xb6`\xfcc+I\xf4\x19\xf0cC\xd4\x14\xddH\\\x07\xfb\xbcX\xb8Y\xeb\x1b\xd72B\xa4\r\r\n',,,
27/03/2024,09:38:51,b'\r\n',,,,,,,,,,,,,,,,,
27/03/2024,09:38:51,b'283,324,38.388505,21.811612,27/3/2024,7:38:51,0.05,0.17,0.00,31.50,3,331,1009.92,22.26,0000000000000\r\n',,,
27/03/2024,09:38:52,"b""284",325,38.388505,21.811612,27/3/2024,7:38:53,0.05,0.17,0.00,31.50,3,331,1009.86,22.27,"0000000000000\xae\x97L\x0f\xc5\xf37j\x08\xd8\xab_\xf86!\x8d1\xee'\xd0E\xf0\xf8\xda\x0c(\x057\x88\n""",,,
27/03/2024,09:38:52,b'l\x03\r\n',,,,,,,,,,,,,,,,,
27/03/2024,09:38:52,b'\r\n',,,,,,,,,,,,,,,,,
27/03/2024,09:38:52,b'284,325,38.388505,21.811612,27/3/2024,7:38:53,0.05,0.17,0.00,31.50,3,331,1009.86,22.27,0000000000000\r\n',,,
27/03/2024,09:38:54,b'285,326,38.388505,21.811612,27/3/2024,7:38:54,0.05,0.17,0.00,31.50,3,331,1009.90,22.29,"0000000000000\x8a\x82\x17\x11\x13\xc2\x8e\xd9\x9d\xc8\xed\x9b\xa3\xbe\x84""rw\x02\x15\x91\xd1\x16?\xdb",\xfb#%\x0f\xda\xaa\r\n',,
27/03/2024,09:38:54,b'\r\n',,,,,,,,,,,,,,,,,
27/03/2024,09:38:54,b'285,326,38.388505,21.811612,27/3/2024,7:38:54,0.05,0.17,0.00,31.50,3,331,1009.90,22.29,0000000000000\r\n',,,
27/03/2024,09:38:55,b'286,327,38.388505,21.811612,27/3/2024,7:38:56,0.05,0.17,0.00,31.50,3,331,1009.87,22.28,0000000000000\x8c\xe8\x08,"]\xf7""3qi\x83\t\xc7rC\xb1\x81\x0e\xae\xe9C\xf0T\xbd\xcaW9\x1a\xe0\x04N\xb2\r\n'",,
27/03/2024,09:38:55,b'\r\n',,,,,,,,,,,,,,,,,
27/03/2024,09:38:55,b'286,327,38.388505,21.811612,27/3/2024,7:38:56,0.05,0.17,0.00,31.50,3,331,1009.87,22.28,0000000000000\r\n',,,
27/03/2024,09:38:57,b'287,328,38.388505,21.811612,27/3/2024,7:38:57,0.05,0.17,0.00,31.50,3,331,1009.92,22.29,0000000000000\xdc\xe9,\xc4Q!W\xbd\xa0`\xf3,\xa4]\n',
27/03/2024,09:38:57,b'f\xc4!?\xbb\xf4<7\x82\xf5I\x91KX\xe6\xae\xb6\r\n',,,,,,,,,,,,,,,,,
27/03/2024,09:38:57,b'\r\n',,,,,,,,,,,,,,,,,
27/03/2024,09:38:57,b'287,328,38.388505,21.811612,27/3/2024,7:38:57,0.05,0.17,0.00,31.50,3,331,1009.92,22.29,0000000000000\r\n',,,
27/03/2024,09:38:58,b'288,329,38.388505,21.811612,27/3/2024,7:38:59,0.05,0.17,0.00,31.50,3,331,1009.96,22.30,"0000000000000|\xc3\xea\x00\xb1s\xc5\x03rh\x02$\xadw/\xa07""\xea\t\xd7\xd0u\xae\xd2\xad\x80\xde\xda\x17\x99u\r\n'",,,
27/03/2024,09:38:58,b'\r\n',,,,,,,,,,,,,,,,,
27/03/2024,09:38:58,b'288,329,38.388505,21.811612,27/3/2024,7:38:59,0.05,0.17,0.00,31.50,3,331,1009.96,22.30,0000000000000\r\n',,,
27/03/2024,09:39:00,b'289,330,38.388505,21.811612,27/3/2024,7:39:0,0.05,0.17,0.00,31.50,3,331,1009.90,22.30,00000000000000 e\x14\x92\x95\xb2\x82\xb9-\x12\x92\xf6\xf8h\xb0\xc6\x80[\x98H\xd7\xaf#\xdd\xa2n\x9bh\xf9\x0b\xaa\x99\r\n',,,
27/03/2024,09:39:00,b'\r\n',,,,,,,,,,,,,,,,,
27/03/2024,09:39:00,b'289,330,38.388505,21.811612,27/3/2024,7:39:0,0.05,0.17,0.00,31.50,3,331,1009.90,22.30,00000000000000\r\n',,,
27/03/2024,09:39:01,b'290,331,38.388505,21.811612,27/3/2024,7:39:2,0.05,0.17,0.00,31.50,3,331,1009.89,22.31,00000000000000`\x00\x07\xacf\x9b+\xceYj\x1e\xe2\xacy\x038U\xd2VN\xb8,\x96\x84\x7f)\x95\x1b\xee\xa3\xa8\xcd\r\n',,
27/03/2024,09:39:01,b'\r\n',,,,,,,,,,,,,,,,,
27/03/2024,09:39:01,b'290,331,38.388505,21.811612,27/3/2024,7:39:2,0.05,0.17,0.00,31.50,3,331,1009.89,22.31,00000000000000\r\n',,,
27/03/2024,09:39:03,b'291,332,38.388505,21.811612,27/3/2024,7:39:3,0.05,0.17,0.00,31.50,3,331,1009.96,22.31,000000000000006F\x9e\xf7\xfa\x9c\xedx\x82M\xeehqku]\xaf\x06\xec\xc2\xe2\x98x\xb7\xfd\x90\xfa\x92`\xabu\x0f\r\n',,,
27/03/2024,09:39:03,b'\r\n',,,,,,,,,,,,,,,,,
27/03/2024,09:39:03,b'291,332,38.388505,21.811612,27/3/2024,7:39:3,0.05,0.17,0.00,31.50,3,331,1009.96,22.31,00000000000000\r\n',,,
27/03/2024,09:39:04,b'292,333,38.388505,21.811612,27/3/2024,7:39:5,0.05,0.17,0.00,31.50,3,331,1009.90,22.32,00000000000000}S,\x1a\xb8\xc9\xbcJ\xb4N\x9ba\xf5\xe1\x01\xee\xddx\xbdx\xa5\xfd\xa3_\xcd\xde\xc7i{FrG\r\n',,
27/03/2024,09:39:04,b'\r\n',,,,,,,,,,,,,,,,,
27/03/2024,09:39:04,b'292,333,38.388505,21.811612,27/3/2024,7:39:5,0.05,0.17,0.00,31.50,3,331,1009.90,22.32,00000000000000\r\n',,,
27/03/2024,09:39:06,b'293,334,38.388505,21.811612,27/3/2024,7:39:6,0.05,0.17,0.00,31.50,3,331,1009.84,22.32,00000000000000N\x1c\xa8\x19BC\xe1\x8a\xd5\xbd\xf3,o\xbcgO\x9bM\xb9\xe0\xc6!KD?\xb5\xef\x97\xa0O\xe3\x1a\r\n',,
27/03/2024,09:39:06,b'\r\n',,,,,,,,,,,,,,,,,
27/03/2024,09:39:06,b'293,334,38.388505,21.811612,27/3/2024,7:39:6,0.05,0.17,0.00,31.50,3,331,1009.84,22.32,00000000000000\r\n',,,
27/03/2024,09:39:07,b'294,335,38.388505,21.811612,27/3/2024,7:39:8,0.05,0.17,0.00,31.50,3,331,1009.91,22.34,00000000000000_\xb6}j\xee\xb4\x98\xa5|Sf\x94+\xc8\xb9\x16.\xcfm\xd7\x95u}F\x86\xebpp\xce,OQ\r\n',,
27/03/2024,09:39:07,b'\r\n',,,,,,,,,,,,,,,,,
27/03/2024,09:39:07,b'294,335,38.388505,21.811612,27/3/2024,7:39:8,0.05,0.17,0.00,31.50,3,331,1009.91,22.34,00000000000000\r\n',,,
27/03/2024,09:39:09,b'295,336,38.388505,21.811612,27/3/2024,7:39:9,0.05,0.17,0.00,31.50,3,331,1009.89,22.34,00000000000000\xf0\xaa\x1f(\xc4\x04\x8d\xfa\xd9Y;XK\x8c\x92:\xb7\x12TG\x13\xbe\xce\xa9\x0e[\xc0_\x93_\x8a\xb4\r\n',,,
27/03/2024,09:39:09,b'\r\n',,,,,,,,,,,,,,,,,
27/03/2024,09:39:09,b'295,336,38.388505,21.811612,27/3/2024,7:39:9,0.05,0.17,0.00,31.50,3,331,1009.89,22.34,00000000000000\r\n',,,
27/03/2024,09:39:10,b'296,337,38.388505,21.811612,27/3/2024,7:39:11,0.05,0.17,0.00,31.50,3,331,1009.91,22.35,"0000000000000\xb7\xc7\xf1Xo\xc2f\xa5\x13""\xc5\xac\x14\xc5@\x02o\xf8a\xcd$<\'\x13J\x00Jul\x8a\x0b\xe1\r\n'",,,
27/03/2024,09:39:10,b'\r\n',,,,,,,,,,,,,,,,,
27/03/2024,09:39:10,b'296,337,38.388505,21.811612,27/3/2024,7:39:11,0.05,0.17,0.00,31.50,3,331,1009.91,22.35,0000000000000\r\n',,,
27/03/2024,09:39:12,b'297,338,38.388505,21.811612,27/3/2024,7:39:12,0.05,0.17,0.00,31.50,3,331,1009.90,22.36,0000000000000l\x08\x13,\x11\x93\xc8b\x05j[\xe5\xdb\x90\x00s\x9a\x1c9\xd8\xab\xa3\x83kH;\xc9\x1f\xa3\xcd\xeev\r\n',,
27/03/2024,09:39:12,b'\r\n',,,,,,,,,,,,,,,,,
27/03/2024,09:39:12,b'297,338,38.388505,21.811612,27/3/2024,7:39:12,0.05,0.17,0.00,31.50,3,331,1009.90,22.36,0000000000000\r\n',,,
27/03/2024,09:39:13,b'298,339,38.388505,21.811612,27/3/2024,7:39:14,0.05,0.17,0.00,31.50,3,331,1009.92,22.37,0000000000000\xe2\x7f\xfd\xa9\xc9\xb1C&\x87\xb8F\xb9u\xdeuJ\x01}\x94\xa2\xf90\xfbA\x0f\xa7\xc4\xd7\xca}F\xeb\r\n',,,
27/03/2024,09:39:13,b'\r\n',,,,,,,,,,,,,,,,,
27/03/2024,09:39:13,b'298,339,38.388505,21.811612,27/3/2024,7:39:14,0.05,0.17,0.00,31.50,3,331,1009.92,22.37,0000000000000\r\n',,,
27/03/2024,09:39:15,b'299,340,38.388505,21.811612,27/3/2024,7:39:15,0.05,0.17,0.00,31.50,3,331,1009.90,22.38,0000000000000X\xff\n',,,
27/03/2024,09:39:15,b'p\xe3\t\xadyq\xfe\x9dl\r[\x14\xc7\x8d\xdd\x8e\x03\xcf\xcf\xb5\\$|\xbfW\xb1\x8e\xaa\x13\r\n',,,,,,,,,,,,,,,,,
27/03/2024,09:39:15,b'\r\n',,,,,,,,,,,,,,,,,
27/03/2024,09:39:15,b'299,340,38.388505,21.811612,27/3/2024,7:39:15,0.05,0.17,0.00,31.50,3,331,1009.90,22.38,0000000000000\r\n',,,
27/03/2024,09:39:16,b'300,341,38.388505,21.811612,27/3/2024,7:39:17,0.05,0.17,0.00,31.50,3,331,1009.85,22.35,0000000000000N\x9eG3\xfew(M\xc2\x0bsW\x03R\xed*\x1dP\xeb\x03\xeb\xd6\xc0\xde\xdd\xf9\x00Q\x05\xdaNA\r\n',,,
27/03/2024,09:39:16,b'\r\n',,,,,,,,,,,,,,,,,
27/03/2024,09:39:16,b'300,341,38.388505,21.811612,27/3/2024,7:39:17,0.05,0.17,0.00,31.50,3,331,1009.85,22.35,0000000000000\r\n',,,
27/03/2024,09:39:18,b'301,342,38.388505,21.811612,27/3/2024,7:39:18,0.05,0.17,0.00,31.50,3,331,1009.82,22.35,0000000000000\xc5\n',,,
27/03/2024,09:39:18,b'x_\xbf\xc2\xf5\xd2b\xf8\xd80\x1dJ\xe6hf\x98\x05 \xeb\tjm\xda\xd7P\xe5\xe9c\x1a\x14\r\n',,,,,,,,,,,,,,,,,
27/03/2024,09:39:18,b'\r\n',,,,,,,,,,,,,,,,,
27/03/2024,09:39:18,b'301,342,38.388505,21.811612,27/3/2024,7:39:18,0.05,0.17,0.00,31.50,3,331,1009.82,22.35,0000000000000\r\n',,,
27/03/2024,09:39:19,b'302,343,38.388505,21.811612,27/3/2024,7:39:20,0.05,0.17,0.00,31.50,3,331,1009.89,22.36,0000000000000\xa3\xce\r\xdf\xfd\xb3\x9fx\xfe\xfb\x0f\x88\x86f\xba\xed5\xdd>z\x1c\x0f(\x9d\x1e\xfdw\x10|v\x9b%\r\n',,,
27/03/2024,09:39:19,b'\r\n',,,,,,,,,,,,,,,,,
27/03/2024,09:39:19,b'302,343,38.388505,21.811612,27/3/2024,7:39:20,0.05,0.17,0.00,31.50,3,331,1009.89,22.36,0000000000000\r\n',,,
27/03/2024,09:39:21,"b""303",344,38.388505,21.811612,27/3/2024,7:39:21,0.05,0.17,0.00,31.50,3,331,1009.88,22.36,"0000000000000\xb4\xef\x1a]*\x93sd\xb5xL\xa5\xbb0\x08\x04Q\x9e\x1eVp\xc1|$G\xea5\x10\xa5\x02i'\r\n""",,,
27/03/2024,09:39:21,b'\r\n',,,,,,,,,,,,,,,,,
27/03/2024,09:39:21,b'303,344,38.388505,21.811612,27/3/2024,7:39:21,0.05,0.17,0.00,31.50,3,331,1009.88,22.36,0000000000000\r\n',,,
27/03/2024,09:39:22,b'304,345,38.388505,21.811612,27/3/2024,7:39:23,0.05,0.17,0.00,31.50,3,331,1009.89,22.37,0000000000000\xd0\xaa+\x19\xfa=p\xe6\x0c\xd1\xd7W\x03\xe6\xb4!0G\x8d\xf8\x80\x92\xf8\x81\x0e\xff{\xbc\xdc\xf5\x93\xcc\r\n',,,
27/03/2024,09:39:22,b'\r\n',,,,,,,,,,,,,,,,,
27/03/2024,09:39:22,b'304,345,38.388505,21.811612,27/3/2024,7:39:23,0.05,0.17,0.00,31.50,3,331,1009.89,22.37,0000000000000\r\n',,,
27/03/2024,09:39:24,b'305,346,38.388505,21.811612,27/3/2024,7:39:24,0.05,0.17,0.00,31.50,3,331,1009.88,22.38,0000000000000\x14G?g5:@\xff.\xd0\x7f\x18\xc1\x0b\xa4\xbb\x8e\x15\x91\x1d\xc63\xd7\xa1\xa1u:\x02\xf4\xaf}\xbe\r\n',,,
27/03/2024,09:39:24,b'\r\n',,,,,,,,,,,,,,,,,
27/03/2024,09:39:24,b'305,346,38.388505,21.811612,27/3/2024,7:39:24,0.05,0.17,0.00,31.50,3,331,1009.88,22.38,0000000000000\r\n',,,
27/03/2024,09:39:25,b'306,347,38.388505,21.811612,27/3/2024,7:39:26,0.05,0.17,0.00,31.50,3,331,1009.92,22.37,0000000000000J\x85\xdf@\xe9\xfd\xedVZbO\xfc\xcb\xbe\xf1cB\xab\xceL\x16\xaa]\xf6)\x9f\x0b\x85\r{\xac\x1d\r\n',,,
27/03/2024,09:39:25,b'\r\n',,,,,,,,,,,,,,,,,
27/03/2024,09:39:25,b'306,347,38.388505,21.811612,27/3/2024,7:39:26,0.05,0.17,0.00,31.50,3,331,1009.92,22.37,0000000000000\r\n',,,
27/03/2024,09:39:27,b'307,348,38.388505,21.811612,27/3/2024,7:39:27,0.05,0.17,0.00,31.50,3,331,1009.93,22.39,0000000000000\xe4R\xaf\x00W+\x8c\x9e\x17\x91\xbb\r.v\x80\xeeX\xb2t\r\xd4J$5\x82\x94\xdb\xe6L\x81T\xce\r\n',,,
27/03/2024,09:39:27,b'\r\n',,,,,,,,,,,,,,,,,
27/03/2024,09:39:27,b'307,348,38.388505,21.811612,27/3/2024,7:39:27,0.05,0.17,0.00,31.50,3,331,1009.93,22.39,0000000000000\r\n',,,
27/03/2024,09:39:28,b'308,349,38.388505,21.811612,27/3/2024,7:39:29,0.05,0.17,0.00,31.50,3,331,1009.90,22.38,0000000000000\x80\x02\x90\x85\rnD\x924\xc9\xad\x8a\x1a\xe6\xfb\xfd\xea\xa3[\x8d#N>jm\x02J\xf5%\xf3\xd4j\r\n',,,
27/03/2024,09:39:28,b'\r\n',,,,,,,,,,,,,,,,,
27/03/2024,09:39:28,b'308,349,38.388505,21.811612,27/3/2024,7:39:29,0.05,0.17,0.00,31.50,3,331,1009.90,22.38,0000000000000\r\n',,,
27/03/2024,09:39:30,b'309,350,38.388505,21.811612,27/3/2024,7:39:30,0.05,0.17,0.00,31.50,3,331,1009.85,22.39,0000000000000b\x01C\x86`F\x95\x10H\xab\xbc;*\x1f\xea\xb1\xbb\x8aI7\xc0\xca\x06\xaa\xa2\xe9\xadt\x0fN\xe9\xc5\r\n',,,
27/03/2024,09:39:30,b'\r\n',,,,,,,,,,,,,,,,,
27/03/2024,09:39:30,b'309,350,38.388505,21.811612,27/3/2024,7:39:30,0.05,0.17,0.00,31.50,3,331,1009.85,22.39,0000000000000\r\n',,,
27/03/2024,09:39:31,b'310,351,38.388505,21.811612,27/3/2024,7:39:32,0.05,0.17,0.00,31.50,3,330,1009.87,22.40,0000000000000\x11W\xe6e\xd2\xa4A\xaf\xf4E^\xe1\xdf\xc9o\x0c\x10\xd8>\x176\x1au\xd6O\x8c=\xe1<\xfe\x01\x83\r\n',,,
27/03/2024,09:39:31,b'\r\n',,,,,,,,,,,,,,,,,
27/03/2024,09:39:31,b'310,351,38.388505,21.811612,27/3/2024,7:39:32,0.05,0.17,0.00,31.50,3,330,1009.87,22.40,0000000000000\r\n',,,
27/03/2024,09:39:33,b'311,352,38.388505,21.811612,27/3/2024,7:39:33,0.05,0.17,0.00,31.50,3,330,1009.92,22.41,0000000000000\xa9?\xc0Dm\xf5\xa8u\xe5Q\xa1%\x98\x9fdTy\xb3Q\x848\xc0\x08\x95\x07<\xd6\x83\xdc\xd3\xfc\xa7\r\n',,,
27/03/2024,09:39:33,b'\r\n',,,,,,,,,,,,,,,,,
27/03/2024,09:39:33,b'311,352,38.388505,21.811612,27/3/2024,7:39:33,0.05,0.17,0.00,31.50,3,330,1009.92,22.41,0000000000000\r\n',,,
27/03/2024,09:39:34,b'312,353,38.388505,21.811612,27/3/2024,7:39:35,0.05,0.17,0.00,31.50,3,330,1009.92,22.42,0000000000000>\xfb\xec\xa1\xa6\x90o\xa8\xbe\xb1\x8a\xb2\xbc/\x90v<\x04\xf0\x1a\x17\xaa,f\x00}\xbd5\xc788j\r\n',,
27/03/2024,09:39:34,b'\r\n',,,,,,,,,,,,,,,,,
27/03/2024,09:39:34,b'312,353,38.388505,21.811612,27/3/2024,7:39:35,0.05,0.17,0.00,31.50,3,330,1009.92,22.42,0000000000000\r\n',,,
27/03/2024,09:39:36,b'313,354,38.388505,21.811612,27/3/2024,7:39:36,0.05,0.17,0.00,31.50,3,330,1009.91,22.42,0000000000000\xc3l#^<\xc7\xe05\x83\xbf\x87\x85\xd1\xc2\x06\x98E\x9b\xb0\xf5T\x01\x99-\x04,]\x80\x06\xc7\xa5\xb7\r\n',,
27/03/2024,09:39:36,b'\r\n',,,,,,,,,,,,,,,,,
27/03/2024,09:39:36,b'313,354,38.388505,21.811612,27/3/2024,7:39:36,0.05,0.17,0.00,31.50,3,330,1009.91,22.42,0000000000000\r\n',,,
27/03/2024,09:39:37,b'314,355,38.388505,21.811612,27/3/2024,7:39:38,0.05,0.17,0.00,31.50,0,9999,1009.96,22.44,000000000000\x98\xf8f\x14f\xa4bP\xf6I\x98\x86w\xf5u\x0e\x0b\x19\xb0+`\x98#F\xba\xac\x1f\xee\xdbb\x0c\xe2\r\n',,,
27/03/2024,09:39:37,b'\r\n',,,,,,,,,,,,,,,,,
27/03/2024,09:39:37,b'314,355,38.388505,21.811612,27/3/2024,7:39:38,0.05,0.17,0.00,31.50,0,9999,1009.96,22.44,000000000000\r\n',,,
27/03/2024,09:39:39,"b""315",356,38.388505,21.811612,27/3/2024,7:39:39,0.05,0.17,0.00,31.50,0,9999,1009.90,22.43,"000000000000\x93\x97'\xe6>\x9et\xac\xdd\x8aBv\xdd2T\x82\x9d\xae\x1d\x02\xc6\xc2RY\xb4\x08I\x92\xc3B\x96\xa9\r\n""",,,
27/03/2024,09:39:39,b'\r\n',,,,,,,,,,,,,,,,,
27/03/2024,09:39:39,b'315,356,38.388505,21.811612,27/3/2024,7:39:39,0.05,0.17,0.00,31.50,0,9999,1009.90,22.43,000000000000\r\n',,,
27/03/2024,09:39:40,b'316,357,38.388505,21.811612,27/3/2024,7:39:41,0.05,0.17,0.00,31.50,0,9999,1009.95,22.45,000000000000\x8c\xcc\xaf\x9cJdA\x81sr\xf0\xe9\xd6\xbd\xdc\x93\xb8\x07\xd2N\xbe)bBa0&\x80D\xd4\xf2\xb0\r\n',,,
27/03/2024,09:39:40,b'\r\n',,,,,,,,,,,,,,,,,
27/03/2024,09:39:40,b'316,357,38.388505,21.811612,27/3/2024,7:39:41,0.05,0.17,0.00,31.50,0,9999,1009.95,22.45,000000000000\r\n',,,
27/03/2024,09:39:42,b'317,3\x054,3h\xae388\xb505,21.811612,24/3/2024,7:39<42,0.\x005\xec0.17,0.00,91.50,0,9999,10 9$94,22.45,000000000000\xeb\x85\x95\xe0\r Lp\x9bE\x95,\xbc\xf6AM\x1aw\x13\x9a\xba\xcc\x16\xbc\xf7\xdb\x9fY\xde\xac\xd2\x9d\r\n',,,
27/03/2024,09:39:42,b'\r\n',,,,,,,,,,,,,,,,,
27/03/2024,09:39:42,b'317,358,38.388505,21.811612,27/3/2024,7:39:42,0.05,0.17,0.00,31.50,0,9999,1009.94,22.45,000000000000\r\n',,,
27/03/2024,09:39:43,b'318,359,38.388505,21.811612,27/3/2024,7:39:44,0.05,0.17,0.00,31.50,0,9999,1009.97,22.47,"000000000000T\xd4""\x10\x9c\x8b\' \x9e\x92\x9b\xb2\xb2\xee2\x92\x0f\x91\xf7\x82\xccE\x89z\x04\xbb0\xd4\x0b\x02\xfbX\r\n'",,,
27/03/2024,09:39:43,b'\r\n',,,,,,,,,,,,,,,,,
27/03/2024,09:39:43,b'318,359,38.388505,21.811612,27/3/2024,7:39:44,0.05,0.17,0.00,31.50,0,9999,1009.97,22.47,000000000000\r\n',,,
27/03/2024,09:39:45,b'319,360,38.388505,21.811612,27/3/2024,7:39:45,0.05,0.17,0.00,31.50,0,9999,1009.94,22.46,0000000000005i\xa1\xf9/\x1d3\x0b;Q0\xbc\x81i\xca\xc7\xba\x96\xf81\xbcaf\xf3J>y\x8d\x93i-\xe5\r\n',,,
27/03/2024,09:39:45,b'\r\n',,,,,,,,,,,,,,,,,
27/03/2024,09:39:45,b'319,360,38.388505,21.811612,27/3/2024,7:39:45,0.05,0.17,0.00,31.50,0,9999,1009.94,22.46,000000000000\r\n',,,
27/03/2024,09:39:46,b'320,361,38.388505,21.811612,27/3/2024,7:39:47,0.05,0.17,0.00,31.50,3,330,1009.89,22.45,0000000000000C\x98\xa04\xf0-\x02\x9a|P:\n',,,
27/03/2024,09:39:46,b'\x06e\xa3\x11\xe0M}m=\xd3\xde\x18\x0f\x8f\xfd\x10\xc9\x16\xef\x12\r\n',,,,,,,,,,,,,,,,,
27/03/2024,09:39:46,b'\r\n',,,,,,,,,,,,,,,,,
27/03/2024,09:39:46,b'320,361,38.388505,21.811612,27/3/2024,7:39:47,0.05,0.17,0.00,31.50,3,330,1009.89,22.45,0000000000000\r\n',,,
27/03/2024,09:39:48,b'321,362,38.388505,21.811612,27/3/2024,7:39:48,0.05,0.17,0.00,31.50,3,330,1009.88,22.45,0000000000000\xe6=\x94Mz\xec2N\x9b\xa44\x17\xfb\x12\xccG\xa5& \x18\xe5\xd6\xadv\x80\xcc\x08\x0b\xdb)\x03k\r\n',,,
27/03/2024,09:39:48,b'\r\n',,,,,,,,,,,,,,,,,
27/03/2024,09:39:48,b'321,362,38.388505,21.811612,27/3/2024,7:39:48,0.05,0.17,0.00,31.50,3,330,1009.88,22.45,0000000000000\r\n',,,
27/03/2024,09:39:49,"b""322",363,38.388505,21.811612,27/3/2024,7:39:50,0.05,0.17,0.00,31.50,3,330,1009.87,22.46,"0000000000000\x07\xd0\xaa\xcc\xd02\xedG!\xe0y<\xd6\xf7\xd4\x12\x9aa\xb0\xaa\xb7\xea_wJ\x05J\xd1k\x0e\x8c'\r\n""",,,
27/03/2024,09:39:49,b'\r\n',,,,,,,,,,,,,,,,,
27/03/2024,09:39:49,b'322,363,38.388505,21.811612,27/3/2024,7:39:50,0.05,0.17,0.00,31.50,3,330,1009.87,22.46,0000000000000\r\n',,,
27/03/2024,09:39:51,b'323,364,38.388505,21.811612,27/3/2024,7:39:51,0.05,0.17,0.00,31.50,3,330,1009.93,22.46,0000000000000eH\x18\xb3r\xb3V\x98\x92\xe6\x13L\xc8\x02/Gs]x\xff\x95;/\t\x0f\xc4X\x9dq\xc5L\xc0\r\n',,,
27/03/2024,09:39:51,b'\r\n',,,,,,,,,,,,,,,,,
27/03/2024,09:39:51,b'323,364,38.388505,21.811612,27/3/2024,7:39:51,0.05,0.17,0.00,31.50,3,330,1009.93,22.46,0000000000000\r\n',,,
27/03/2024,09:39:52,b'324,365,38.388505,21.811612,27/3/2024,7:39:53,0.05,0.17,0.00,31.50,3,330,1009.85,22.46,0000000000000\xe1\xf5f\x97\xbb+\xdc\xb0\x9c^f5\xe9\xb1&W\xefO\xd2q\xf7\xe8ji>_\xa9\x9b\x8dm\xee\xf0\r\n',,,
27/03/2024,09:39:52,b'\r\n',,,,,,,,,,,,,,,,,
27/03/2024,09:39:52,b'324,365,38.388505,21.811612,27/3/2024,7:39:53,0.05,0.17,0.00,31.50,3,330,1009.85,22.46,0000000000000\r\n',,,
27/03/2024,09:39:54,b'325,366,38.388505,21.811612,27/3/2024,7:39:54,0.05,0.17,0.00,31.50,3,330,1009.93,22.46,0000000000000\xccX\xad\xc5-\x16\x00D\x8f(\x96\x93R\x02<\x9d\x11\xf42\xac\xa8\x08\xbdUAxL\xce#lDC\r\n',,,
27/03/2024,09:39:54,b'\r\n',,,,,,,,,,,,,,,,,
27/03/2024,09:39:54,b'325,366,38.388505,21.811612,27/3/2024,7:39:54,0.05,0.17,0.00,31.50,3,330,1009.93,22.46,0000000000000\r\n',,,
27/03/2024,09:39:55,b'326,367,38.388505,21.811612,27/3/2024,7:39:56,0.05,0.17,0.00,31.50,3,330,1009.93,22.47,0000000000000\xa5o\xe5\xfd\xa4\xae\xa0T\xa6\xfa\xb2\x81\xbfHe\xbe\x8e\x93\xec\x1b|\x8bg[4\x05\xbd\xde\x84Q\x8aQ\r\n',,,
27/03/2024,09:39:55,b'\r\n',,,,,,,,,,,,,,,,,
27/03/2024,09:39:55,b'326,367,38.388505,21.811612,27/3/2024,7:39:56,0.05,0.17,0.00,31.50,3,330,1009.93,22.47,0000000000000\r\n',,,
27/03/2024,09:39:57,b'327,368,38.388505,21.811612,27/3/2024,7:39:57,0.05,0.17,0.00,31.50,3,330,1009.89,22.48,"0000000000000\xb7""\xcc\xf7\x88\xa6\x8f\xa0\xd2\x16\xff\x0f\x18;i.\x15\x1a\x14\xd6\x81Bp\xfa\xeaZ\x85T\xa1\xe5G\x01\r\n'",,,
27/03/2024,09:39:57,b'\r\n',,,,,,,,,,,,,,,,,
27/03/2024,09:39:57,b'327,368,38.388505,21.811612,27/3/2024,7:39:57,0.05,0.17,0.00,31.50,3,330,1009.89,22.48,0000000000000\r\n',,,
27/03/2024,09:39:58,b'328,369,38.388505,21.811612,27/3/2024,7:39:59,0.05,0.17,0.00,31.50,3,330,1009.89,22.48,0000000000000KA`\x93\xe7b:W.\xa1\x91\xbe\xc3\xf1\x0b\xb2)\x01\xa7\x16\x8e\t\xd1\x0c]\xfcD\x1dP\xbd\x99b\r\n',,,
27/03/2024,09:39:58,b'\r\n',,,,,,,,,,,,,,,,,
27/03/2024,09:39:58,b'328,369,38.388505,21.811612,27/3/2024,7:39:59,0.05,0.17,0.00,31.50,3,330,1009.89,22.48,0000000000000\r\n',,,
27/03/2024,09:40:00,b'329,370,38.388505,21.811612,27/3/2024,7:40:0,0.05,0.17,0.00,31.50,3,330,1009.91,22.48,00000000000000\x07\xd6\xf1\xa3L-\xa5T\x98mt\xfa\x1atY1\xd8\xddZ\xaba?,Rd \x93d\x93\xb0\xbb\x85\r\n',,
27/03/2024,09:40:00,b'\r\n',,,,,,,,,,,,,,,,,
27/03/2024,09:40:00,b'329,370,38.388505,21.811612,27/3/2024,7:40:0,0.05,0.17,0.00,31.50,3,330,1009.91,22.48,00000000000000\r\n',,,
27/03/2024,09:40:01,b'330,371,38.388505,21.811612,27/3/2024,7:40:1,0.05,0.17,0.00,31.50,3,330,1009.89,22.48,00000000000000\x84WgL+-\x8a\xe6\x1d\xecn\x97t^mZ\xb8\x1e\xbda\xa9\x06\x9a\\tVF\xcd!o\xf5\x9b\r\n',,,
27/03/2024,09:40:01,b'\r\n',,,,,,,,,,,,,,,,,
27/03/2024,09:40:01,b'330,371,38.388505,21.811612,27/3/2024,7:40:1,0.05,0.17,0.00,31.50,3,330,1009.89,22.48,00000000000000\r\n',,,
27/03/2024,09:40:03,b'331,372,38.388505,21.811612,27/3/2024,7:40:3,0.05,0.17,0.00,31.50,3,330,1009.91,22.49,00000000000000\xa4\xb1\xa5\xb3\xc0[[_[\x10\xf58\x11T\xdeA8\x8a!9r\xdf5\x1e\xe1\xd4\x04\x02\x9b\x11\xaa\xeb\r\n',,,
27/03/2024,09:40:03,b'\r\n',,,,,,,,,,,,,,,,,
27/03/2024,09:40:03,b'331,372,38.388505,21.811612,27/3/2024,7:40:3,0.05,0.17,0.00,31.50,3,330,1009.91,22.49,00000000000000\r\n',,,
27/03/2024,09:40:04,b'332,373,38.388505,21.811612,27/3/2024,7:40:4,0.05,0.17,0.00,31.50,3,330,1009.86,22.49,00000000000000L\x836+-\xc3\x88o\xd4\x03\x1c\x9f;?K_\xfa\x05\xcaF\xbaWD\xe6*Q\xa3\xf2^\x05}\xbb\r\n',,,
27/03/2024,09:40:04,b'\r\n',,,,,,,,,,,,,,,,,
27/03/2024,09:40:04,b'332,373,38.388505,21.811612,27/3/2024,7:40:4,0.05,0.17,0.00,31.50,3,330,1009.86,22.49,00000000000000\r\n',,,
27/03/2024,09:40:06,b'333,374,38.388505,21.811612,27/3/2024,7:40:6,0.05,0.17,0.00,31.50,3,330,1009.89,22.50,00000000000000O#\x8e\xe8\x0b\xf6\xd4%7\x1b\xc4\xc4R\xe03\t\x8d\xfc\x05\x94\xa8K2\x00\xbf\xb5S\xf7\x9ax\x08\xc1\r\n',,,
27/03/2024,09:40:06,b'\r\n',,,,,,,,,,,,,,,,,
27/03/2024,09:40:06,b'333,374,38.388505,21.811612,27/3/2024,7:40:6,0.05,0.17,0.00,31.50,3,330,1009.89,22.50,00000000000000\r\n',,,
27/03/2024,09:40:07,b'334,375,38.388505,21.811612,27/3/2024,7:40:7,0.05,0.17,0.00,31.50,3,330,1009.99,22.52,00000000000000]\xa2\xbb\x0e\xcfHA-\x1d\xd4\x11\xe3\xcfA\xd60\x1e\xe8:z\x06\x98&cD]\xd2|_\r\xee\x81\r\n',,,
27/03/2024,09:40:07,b'\r\n',,,,,,,,,,,,,,,,,
27/03/2024,09:40:07,b'334,375,38.388505,21.811612,27/3/2024,7:40:7,0.05,0.17,0.00,31.50,3,330,1009.99,22.52,00000000000000\r\n',,,
27/03/2024,09:40:09,b'335,376,38.388505,21.811612,27/3/2024,7:40:9,0.05,0.17,0.00,31.50,3,330,1009.93,22.52,00000000000000\x9b\xfdsZ\xc2\xb7\xc1v\x10\xd7h\xf4\x9a\xd3q\xb8g\x9d3\xa6\x8e\xf9x>#aB\x81\x9cG\xc1\x81\r\n',,,
27/03/2024,09:40:09,b'\r\n',,,,,,,,,,,,,,,,,
27/03/2024,09:40:09,b'335,376,38.388505,21.811612,27/3/2024,7:40:9,0.05,0.17,0.00,31.50,3,330,1009.93,22.52,00000000000000\r\n',,,
27/03/2024,09:40:10,b'336,377,38.388505,21.811612,27/3/2024,7:40:10,0.05,0.17,0.00,31.50,3,330,1009.97,22.53,"0000000000000\xed(\xc8\x1d\xf0\xf4f\xd4-\xf4\xfc\xa5\xb7\x07\x99q\x9a\xa2\xd4_\xfeg_\x1eT\xc1W\xe9\xfa"";\xc3\r\n'",,,
27/03/2024,09:40:10,b'\r\n',,,,,,,,,,,,,,,,,
27/03/2024,09:40:10,b'336,377,38.388505,21.811612,27/3/2024,7:40:10,0.05,0.17,0.00,31.50,3,330,1009.97,22.53,0000000000000\r\n',,,
27/03/2024,09:40:11,b'337,378,38.388505,21.811612,27/3/2024,7:40:12,0.05,0.17,0.00,31.50,3,330,1009.97,22.54,0000000000000E\x12&\x02y\xc6Y\x80\xd5\xe1\xef\xcd\x10*g\xa3\x91[\x8d\x14\x82\xccU&\x86\xc3\x8fa\x82\x17o\xd6\r\n',,,
27/03/2024,09:40:11,b'\r\n',,,,,,,,,,,,,,,,,
27/03/2024,09:40:11,b'337,378,38.388505,21.811612,27/3/2024,7:40:12,0.05,0.17,0.00,31.50,3,330,1009.97,22.54,0000000000000\r\n',,,
27/03/2024,09:40:13,b'338,379,38.388505,21.811612,27/3/2024,7:40:13,0.05,0.17,0.00,31.50,3,330,1009.99,22.54,0000000000000m}\xad\xc4\x19\xf9\xc4\x8b\xdda\xee\xd7\x1b\xa9\x0e\xa1\x80\xbe,Q\xfd\xcdC\xe6#\xe1\xe9l\xe9\xd8,\x8a\r\n',
27/03/2024,09:40:13,b'\r\n',,,,,,,,,,,,,,,,,
27/03/2024,09:40:13,b'338,379,38.388505,21.811612,27/3/2024,7:40:13,0.05,0.17,0.00,31.50,3,330,1009.99,22.54,0000000000000\r\n',,,
27/03/2024,09:40:14,b'339,380,38.388505,21.811612,27/3/2024,7:40:15,0.05,0.17,0.00,31.50,3,330,1009.99,22.53,0000000000000Wk;F\xe3C%\x0e\t\xea}\\\xf8\xa9\x1d:f\xb7E4\xaf\xd2\xcf\xbfz\x19\xb5N\x8e\xa7Q.\r\n',,,
27/03/2024,09:40:14,b'\r\n',,,,,,,,,,,,,,,,,
27/03/2024,09:40:14,b'339,380,38.388505,21.811612,27/3/2024,7:40:15,0.05,0.17,0.00,31.50,3,330,1009.99,22.53,0000000000000\r\n',,,
27/03/2024,09:40:16,"b""340",381,38.388505,21.811612,27/3/2024,7:40:16,0.05,0.17,0.00,31.50,3,330,1009.93,22.53,"0000000000000\xbb\x83c\xe8\x05\x7f6\xcf0\xe0\x97&@\xfe4+T-e\xe4'l\xb3P\n""",,,
27/03/2024,09:40:16,b'\x10\xd4Y\x03e\xc5\x81\r\n',,,,,,,,,,,,,,,,,
27/03/2024,09:40:16,b'\r\n',,,,,,,,,,,,,,,,,
27/03/2024,09:40:16,b'340,381,38.388505,21.811612,27/3/2024,7:40:16,0.05,0.17,0.00,31.50,3,330,1009.93,22.53,0000000000000\r\n',,,
27/03/2024,09:40:17,b'341,382,38.388505,21.811612,27/3/2024,7:40:18,0.05,0.17,0.00,31.50,3,330,1009.94,22.53,0000000000000H>IH\xb5i\xf7\x0c;\xa0\xa4\xac#\xa9\xc8\xe2Q5\xf61\x9a\xdf\x901\x91uj\x85=\xdd\x1c\xcc\r\n',,,
27/03/2024,09:40:17,b'\r\n',,,,,,,,,,,,,,,,,
27/03/2024,09:40:17,b'341,382,38.388505,21.811612,27/3/2024,7:40:18,0.05,0.17,0.00,31.50,3,330,1009.94,22.53,0000000000000\r\n',,,
27/03/2024,09:40:19,b'342,3X3,3h.188505,21.811612,27/3/\x02024,7:40:19,0.0e\xac0.1w,0.00,31.50,3,3\x930,1409-92,\x022.54,"0000000000000\x82\xbaeo\x07\xe0\xa7N\x84\xeco\xd4\xca-\x0bl3X\xbb\xb0\x13\xf7\xde""\x9d\xaf\x12\xafg\x0e\xe5\x06\r\n'",,,,
27/03/2024,09:40:19,b'\r\n',,,,,,,,,,,,,,,,,
27/03/2024,09:40:19,b'342,383,38.388505,21.811612,27/3/2024,7:40:19,0.05,0.17,0.00,31.50,3,330,1009.92,22.54,0000000000000\r\n',,,
27/03/2024,09:40:20,b'343,384,38.388505,21.811612,27/3/2024,7:40:21,0.05,0.17,0.00,31.50,3,330,1009.92,22.55,0000000000000\xec\xb2E\x8c*\xbd\x1d!\xc5\xd9i\xea\x0eEi\r\xf5\xce\xec1R\x14\t\xafm\x00\xde\x86\xcc}\x08\x15\r\n',,,
27/03/2024,09:40:20,b'\r\n',,,,,,,,,,,,,,,,,
27/03/2024,09:40:20,b'343,384,38.388505,21.811612,27/3/2024,7:40:21,0.05,0.17,0.00,31.50,3,330,1009.92,22.55,0000000000000\r\n',,,
27/03/2024,09:40:22,b'344,385,38.388505,21.811612,27/3/2024,7:40:22,0.05,0.17,0.00,31.50,3,330,1009.89,22.55,0000000000000A6A2\xc0x\xefQ,\xa7lj\xdc\xfb\xba\xb8\x95\xe9\r\xfc\x04\xd24\x11\xf1b)\x17\xdd\x0f,\x9c\r\n',
27/03/2024,09:40:22,b'\r\n',,,,,,,,,,,,,,,,,
27/03/2024,09:40:22,b'344,385,38.388505,21.811612,27/3/2024,7:40:22,0.05,0.17,0.00,31.50,3,330,1009.89,22.55,0000000000000\r\n',,,
27/03/2024,09:40:23,b'345,386,38.388505,21.811612,27/3/2024,7:40:24,0.05,0.17,0.00,31.50,3,330,1009.90,22.56,0000000000000\xd3\xb4*\xad\xb8\xe4\x824sG,\xf5\x0eX\xd0I\xd8d\xe1\xed\x86\xfc\xccc\x7f\xe9 (\x0b\xe6n\x17\r\n',,
27/03/2024,09:40:23,b'\r\n',,,,,,,,,,,,,,,,,
27/03/2024,09:40:23,b'345,386,38.388505,21.811612,27/3/2024,7:40:24,0.05,0.17,0.00,31.50,3,330,1009.90,22.56,0000000000000\r\n',,,
27/03/2024,09:40:25,b'346,387,38.388505,21.811612,27/3/2024,7:40:25,0.05,0.17,0.00,31.50,3,330,1009.87,22.56,0000000000000\xd2\x00\x12\xbc&\x92\x8fj\rL\x01F\xfd\xa68\xdf8\xa5\x81}\x1aKQ\xc3\xcb\xc7A*B\x87r\xf6\r\n',,,
27/03/2024,09:40:25,b'\r\n',,,,,,,,,,,,,,,,,
27/03/2024,09:40:25,b'346,387,38.388505,21.811612,27/3/2024,7:40:25,0.05,0.17,0.00,31.50,3,330,1009.87,22.56,0000000000000\r\n',,,
27/03/2024,09:40:26,b'347,388,38.388505,21.811612,27/3/2024,7:40:27,0.05,0.17,0.00,31.50,3,330,1009.91,22.56,0000000000000\x92I\x9a\xfc\x11=\xa3\xfb\xe3b\xbc\x7f\xf6\x02l\x07q\xed\x0bh\x8f|\x0f>\x154\x96\x99\tLF\x1d\r\n',,,
27/03/2024,09:40:26,b'\r\n',,,,,,,,,,,,,,,,,
27/03/2024,09:40:26,b'347,388,38.388505,21.811612,27/3/2024,7:40:27,0.05,0.17,0.00,31.50,3,330,1009.91,22.56,0000000000000\r\n',,,
27/03/2024,09:40:28,b'348,389,38.388505,21.811612,27/3/2024,7:40:28,0.05,0.17,0.00,31.50,3,330,1009.93,22.57,0000000000000\x83B\xc9\xc9\xe3\xcd\xd49\xfb\xf2\x8d\xf5\xeaA\x05\x99C\x92\x14\x07\xe1\xc4\xc2\x18Z\x81V^l\xf5\x7fX\r\n',,,
27/03/2024,09:40:28,b'\r\n',,,,,,,,,,,,,,,,,
27/03/2024,09:40:28,b'348,389,38.388505,21.811612,27/3/2024,7:40:28,0.05,0.17,0.00,31.50,3,330,1009.93,22.57,0000000000000\r\n',,,
27/03/2024,09:40:29,b'349,390,38.388505,21.811612,27/3/2024,7:40:30,0.05,0.17,0.00,31.50,3,330,1009.93,22.58,0000000000000ei:\xb7J\xeb+cR\xc0\x9b\x96do\x15\x87\\6V*z\xf2n\x14\xbd\xd4\x14\xbaT\xf2\xe1\x10\r\n',,,
27/03/2024,09:40:29,b'\r\n',,,,,,,,,,,,,,,,,
27/03/2024,09:40:29,b'349,390,38.388505,21.811612,27/3/2024,7:40:30,0.05,0.17,0.00,31.50,3,330,1009.93,22.58,0000000000000\r\n',,,
27/03/2024,09:40:31,"b""350",391,38.388505,21.811612,27/3/2024,7:40:31,0.05,0.17,0.00,31.50,3,330,1009.90,22.58,"0000000000000\x1c\x16\xde'\xf8*\xd2lD5r\x98\xe1\xaeQ\xab\xcf6\x93\xda\x8c\x8a\x89\xd8)D\x9aH\x00\xe6\xfb\xed\r\n""",,,
27/03/2024,09:40:31,b'\r\n',,,,,,,,,,,,,,,,,
27/03/2024,09:40:31,b'350,391,38.388505,21.811612,27/3/2024,7:40:31,0.05,0.17,0.00,31.50,3,330,1009.90,22.58,0000000000000\r\n',,,
27/03/2024,09:40:32,b'351,392,38.388505,21.811612,27/3/2024,7:40:33,0.05,0.17,0.00,31.50,3,330,1009.89,22.58,0000000000000\xff\xc2\xc9\x00\x1c\xd0]\x94I\x85\xcb\x89\xea\x14\xbd\xde\xc9\xbeK\x89ao\x84\x1e\xc9{\x85R\x8d\xb0\xe3h\r\n',,,
27/03/2024,09:40:32,b'\r\n',,,,,,,,,,,,,,,,,
27/03/2024,09:40:32,b'351,392,38.388505,21.811612,27/3/2024,7:40:33,0.05,0.17,0.00,31.50,3,330,1009.89,22.58,0000000000000\r\n',,,
27/03/2024,09:40:34,b'352,393,38.388505,21.811612,27/3/2024,7:40:34,0.05,0.17,0.00,31.50,3,330,1009.88,22.58,0000000000000\x91\xaf\xa1\xfa\x00\xd0\xb7w\xbf\x0b6\x0e\xd6O&\xe3\xa2\x05\x07Ev\xdf\xceOJ\x9c6\xa8\xae+\x98*\r\n',,,
27/03/2024,09:40:34,b'\r\n',,,,,,,,,,,,,,,,,
27/03/2024,09:40:34,b'352,393,38.388505,21.811612,27/3/2024,7:40:34,0.05,0.17,0.00,31.50,3,330,1009.88,22.58,0000000000000\r\n',,,
27/03/2024,09:40:35,b'353,394,38.388505,21.811612,27/3/2024,7:40:36,0.05,0.17,0.00,31.50,3,330,1009.86,22.60,0000000000000i\xc8\t\xf9\xa0:\xc4f.\xd9\xc3O\xd5\xe2\x9cD\\o\xc4\x90\xcc@\xd41\xba\xc5K\xf0\x14\x9c\xbc\x14\r\n',,,
27/03/2024,09:40:35,b'\r\n',,,,,,,,,,,,,,,,,
27/03/2024,09:40:35,b'353,394,38.388505,21.811612,27/3/2024,7:40:36,0.05,0.17,0.00,31.50,3,330,1009.86,22.60,0000000000000\r\n',,,
27/03/2024,09:40:37,b'354,395,38.388505,21.811612,27/3/2024,7:40:37,0.05,0.17,0.00,31.50,3,330,1009.92,22.61,0000000000000\xf0O\xa2\t\x0b\xcd\xb4\xc3\x8f=\xc4\xca\xc9Fm]2\xa48@\xa8\xb8\xf28V\xdbz\xa8\xc5\xd7\xfe2\r\n',,,
27/03/2024,09:40:37,b'\r\n',,,,,,,,,,,,,,,,,
27/03/2024,09:40:37,b'354,395,38.388505,21.811612,27/3/2024,7:40:37,0.05,0.17,0.00,31.50,3,330,1009.92,22.61,0000000000000\r\n',,,
27/03/2024,09:40:38,b'355,396,38.388505,21.811612,27/3/2024,7:40:39,0.05,0.17,0.00,31.50,3,330,1009.91,22.61,"00000000000007\'qD\xc2\x83\xc3r\xfe\x8c1\xe7\xe3[""\x8c\xe8",\x82\xf1\x85l\xb4\xcf=\x03\x02\xbe\xa4`\xf7\xbc\r\n',,
27/03/2024,09:40:38,b'\r\n',,,,,,,,,,,,,,,,,
27/03/2024,09:40:38,b'355,396,38.388505,21.811612,27/3/2024,7:40:39,0.05,0.17,0.00,31.50,3,330,1009.91,22.61,0000000000000\r\n',,,
27/03/2024,09:40:40,b'356,397,38.388505,21.811612,27/3/2024,7:40:40,0.05,0.17,0.00,31.50,3,330,1009.90,22.61,"0000000000000\xac\x8e]]q\xee\x0b\x16.\xe2\xc5I\xee\xaa\xab\xa1R\xec\xc8\x1fq\xa9U\x82%\xec\xeb\x80<""\x89\xee\r\n'",,,
27/03/2024,09:40:40,b'\r\n',,,,,,,,,,,,,,,,,
27/03/2024,09:40:40,b'356,397,38.388505,21.811612,27/3/2024,7:40:40,0.05,0.17,0.00,31.50,3,330,1009.90,22.61,0000000000000\r\n',,,
27/03/2024,09:40:41,b'357,398,38.388505,21.811612,27/3/2024,7:40:42,0.05,0.17,0.00,31.50,3,330,1009.97,22.62,0000000000000!Y\xa1\xa25hT\xc6\xd4\x1ef\x97\xbf\xdfxO\xe7{^\xaa\x9b\x80\xa1\xf53\xf1#-\xdf\xe2YM\r\n',,,
27/03/2024,09:40:41,b'\r\n',,,,,,,,,,,,,,,,,
27/03/2024,09:40:41,b'357,398,38.388505,21.811612,27/3/2024,7:40:42,0.05,0.17,0.00,31.50,3,330,1009.97,22.62,0000000000000\r\n',,,
27/03/2024,09:40:43,b'358,399,38.388505,21.811612,27/3/2024,7:40:43,0.05,0.17,0.00,31.50,3,330,1009.94,22.63,0000000000000\xd7\x83]WY\x12(\x99\xb0\x89+\x92*\xfd\x17\xe6\xe5\xae\xd01\xf9\xda\x1fp\xbb\xe9!\\l\x9fAa\r\n',,,
27/03/2024,09:40:43,b'\r\n',,,,,,,,,,,,,,,,,
27/03/2024,09:40:43,b'358,399,38.388505,21.811612,27/3/2024,7:40:43,0.05,0.17,0.00,31.50,3,330,1009.94,22.63,0000000000000\r\n',,,
27/03/2024,09:40:44,b'359,400,38.388505,21.811612,27/3/2024,7:40:45,0.05,0.17,0.00,31.50,3,330,1009.95,22.63,0000000000000\xdc\x0f\xf08B\x89\x92\xbf\xe5\xc1\x92]\xde\x80\x9e\xc1{\xcf\xfd\xeak\xb0\x84\x05VQ\xef\xec?\x99\xf9\xad\r\n',,,
27/03/2024,09:40:44,b'\r\n',,,,,,,,,,,,,,,,,
27/03/2024,09:40:44,b'359,400,38.388505,21.811612,27/3/2024,7:40:45,0.05,0.17,0.00,31.50,3,330,1009.95,22.63,0000000000000\r\n',,,
27/03/2024,09:40:46,b'360,401,38.388505,21.811612,27/3/2024,7:40:46,0.05,0.17,0.00,31.50,3,330,1009.96,22.63,"0000000000000U"">-\x0f\x13S\x08\xb8OV\x94\xa1\xdf)\xe6\x14r\xc2\xeb\xfa\x10lp\xe7W\xa0\xce\xd2\x8f\xe4`\r\n'",,,
27/03/2024,09:40:46,b'\r\n',,,,,,,,,,,,,,,,,
27/03/2024,09:40:46,b'360,401,38.388505,21.811612,27/3/2024,7:40:46,0.05,0.17,0.00,31.50,3,330,1009.96,22.63,0000000000000\r\n',,,
27/03/2024,09:40:47,b'361,402,38.388505,21.811612,27/3/2024,7:40:48,0.05,0.17,0.00,31.50,3,330,1009.91,22.63,0000000000000\xa6\x9f\x14\x8d\xbf\x05\x92\xcb\xb3\x0fe\x1e\xc2\x88\xd5/\x11jQ>G\xa3O\x11|2\x1e\x12\xec7=-\r\n',,,
27/03/2024,09:40:47,b'\r\n',,,,,,,,,,,,,,,,,
27/03/2024,09:40:47,b'361,402,38.388505,21.811612,27/3/2024,7:40:48,0.05,0.17,0.00,31.50,3,330,1009.91,22.63,0000000000000\r\n',,,
27/03/2024,09:40:49,b'362,403,38.388505,21.811612,27/3/2024,7:40:49,0.05,0.17,0.00,31.50,3,330,1009.93,22.64,0000000000000X\xce\xc1Gt\xd4t\xfbv\xb2h\xc1bF\xa5\xb9\xac\xc55\xdb^\xe5d\x94\x80U\xac\xf2\xe9\xeb\x1d$\r\n',,,
27/03/2024,09:40:49,b'\r\n',,,,,,,,,,,,,,,,,
27/03/2024,09:40:49,b'362,403,38.388505,21.811612,27/3/2024,7:40:49,0.05,0.17,0.00,31.50,3,330,1009.93,22.64,0000000000000\r\n',,,
27/03/2024,09:40:50,b'363,404,38.388505,21.811612,27/3/2024,7:40:51,0.05,0.17,0.00,31.50,3,330,1009.89,22.64,00000000000004\xd2s,\x03\xb6 \xeb\xc2U4TN\x8a\xa8\x0b\xa6\xbd\xefC1\xabV\xb7\xc7\x98\x98k\x82!&\xf3\r\n',,
27/03/2024,09:40:50,b'\r\n',,,,,,,,,,,,,,,,,
27/03/2024,09:40:50,b'363,404,38.388505,21.811612,27/3/2024,7:40:51,0.05,0.17,0.00,31.50,3,330,1009.89,22.64,0000000000000\r\n',,,
27/03/2024,09:40:52,b'364,405,38.388505,21.811612,27/3/2024,7:40:52,0.05,0.17,0.00,31.50,3,330,1009.86,22.64,0000000000000\xe1\x9d\xabA\xc5\xc4&\xca\x11\xd5\xa7i\xea\x0b\xd7\x04\xb5[\xab\xee\r\xa2\x11e{D\x80\n',,,
27/03/2024,09:40:52,b'\x8e&Vf\r\n',,,,,,,,,,,,,,,,,
27/03/2024,09:40:52,b'\r\n',,,,,,,,,,,,,,,,,
27/03/2024,09:40:52,b'364,405,38.388505,21.811612,27/3/2024,7:40:52,0.05,0.17,0.00,31.50,3,330,1009.86,22.64,0000000000000\r\n',,,
27/03/2024,09:40:53,b'365,406,38.388505,21.811612,27/3/2024,7:40:54,0.05,0.17,0.00,31.50,3,330,1009.89,22.65,0000000000000\x12g\xdem\x82\xa8\xf3g\xad\xf9\x15\x80\xc4i\x90TU\xc1\xee{\x98\xba\x9d\xa2\x95\xac\x00\xbb7\xe1,\xa1\r\n',,
27/03/2024,09:40:53,b'\r\n',,,,,,,,,,,,,,,,,
27/03/2024,09:40:53,b'365,406,38.388505,21.811612,27/3/2024,7:40:54,0.05,0.17,0.00,31.50,3,330,1009.89,22.65,0000000000000\r\n',,,
27/03/2024,09:40:55,"b""366",407,38.388505,21.811612,27/3/2024,7:40:55,0.05,0.17,0.00,31.50,3,330,1009.95,22.65,0000000000000l\xf2\x82?\x05Twv\x8a\x80']Z\xba1\xf8\tF\x0b\x08U\xae(\xd3\x98],"\xe9\xbf\xdd\xd1\xcd\r\n""",,
27/03/2024,09:40:55,b'\r\n',,,,,,,,,,,,,,,,,
27/03/2024,09:40:55,b'366,407,38.388505,21.811612,27/3/2024,7:40:55,0.05,0.17,0.00,31.50,3,330,1009.95,22.65,0000000000000\r\n',,,
27/03/2024,09:40:56,b'367,408,38.388505,21.811612,27/3/2024,7:40:57,0.05,0.17,0.00,31.50,3,330,1009.93,22.66,0000000000000\xecW\x07\xbc\x18\xc4\x8b4\xe0\x07;c^S\x07\x10Bo\xd0\xa4\x9bW\x82\x0f\xb2([\xf8\x82\xd75\x97\r\n',,,
27/03/2024,09:40:56,b'\r\n',,,,,,,,,,,,,,,,,
27/03/2024,09:40:56,b'367,408,38.388505,21.811612,27/3/2024,7:40:57,0.05,0.17,0.00,31.50,3,330,1009.93,22.66,0000000000000\r\n',,,
27/03/2024,09:40:58,b'368,409,38.388505,21.811612,27/3/2024,7:40:58,0.05,0.17,0.00,31.50,3,330,1009.91,22.67,0000000000000\xfd\\T\x89\xea4\xfc\xf6\xf8\x97\n',,,
27/03/2024,09:40:58,b'\xe9B\x10n\x8ep\x10\xcf\xcb\xf5\xefO)\xfd\x9d\x9b?\xe7n\x0c\xd2\r\n',,,,,,,,,,,,,,,,,
27/03/2024,09:40:58,b'\r\n',,,,,,,,,,,,,,,,,
27/03/2024,09:40:58,b'368,409,38.388505,21.811612,27/3/2024,7:40:58,0.05,0.17,0.00,31.50,3,330,1009.91,22.67,0000000000000\r\n',,,
27/03/2024,09:40:59,b'369,410,38.388505,21.811612,27/3/2024,7:41:0,0.05,0.17,0.00,31.50,3,330,1009.95,22.67,00000000000000\xcc5\xe1\xe0\x81\xf1{B\x9c3)W\x96[\xf0@D\xb9?\xfa\x1b\xdcsZp\xef\x84\xecq\x8dn\xb3\r\n',,,
27/03/2024,09:40:59,b'\r\n',,,,,,,,,,,,,,,,,
27/03/2024,09:40:59,b'369,410,38.388505,21.811612,27/3/2024,7:41:0,0.05,0.17,0.00,31.50,3,330,1009.95,22.67,00000000000000\r\n',,,
27/03/2024,09:41:01,b'370,411,38.388505,21.811612,27/3/2024,7:41:1,0.05,0.17,0.00,31.50,3,330,1009.92,22.68,00000000000000TC\xb7\x87X\xe3\xa5,\xf0\x17\xe5y\xb4\xeb\x9c\x8a\xa3a\xaa\x93\t\xe6\xf0\x02.\\\xb1\xbbH\x1eF\xee\r\n',,
27/03/2024,09:41:01,b'\r\n',,,,,,,,,,,,,,,,,
27/03/2024,09:41:01,b'370,411,38.388505,21.811612,27/3/2024,7:41:1,0.05,0.17,0.00,31.50,3,330,1009.92,22.68,00000000000000\r\n',,,
27/03/2024,09:41:02,b'371,412,38.388505,21.811612,27/3/2024,7:41:3,0.05,0.17,0.00,31.50,3,330,1009.94,22.69,00000000000000\x83\xde\x1eLY`X\xa1a\xd8\x1a#\xcb\x10-\xd8\xa9S\xf0r\x8f\x08\xc3+B\xee\xb3\xfe\x15x=\xd4\r\n',,,
27/03/2024,09:41:02,b'\r\n',,,,,,,,,,,,,,,,,
27/03/2024,09:41:02,b'371,412,38.388505,21.811612,27/3/2024,7:41:3,0.05,0.17,0.00,31.50,3,330,1009.94,22.69,00000000000000\r\n',,,
27/03/2024,09:41:04,b'372,413,38.388505,21.811612,27/3/2024,7:41:4,0.05,0.17,0.00,31.50,3,330,1009.92,22.69,00000000000000?=(\xbez\x91^\x1b\xd7\xad\x80\xe7\xa3S\x1f\xbf\x8bkJ\x88E\xe1\x8b\xe7\xb4J\xde\xef\xce\xf8(_\r\n',,,
27/03/2024,09:41:04,b'\r\n',,,,,,,,,,,,,,,,,
27/03/2024,09:41:04,b'372,413,38.388505,21.811612,27/3/2024,7:41:4,0.05,0.17,0.00,31.50,3,330,1009.92,22.69,00000000000000\r\n',,,
27/03/2024,09:41:05,b'373,414,38.388505,21.811612,27/3/2024,7:41:6,0.05,0.17,0.00,31.50,3,330,1009.96,22.70,00000000000000\xb2O\xca\x8e1\xa3\xee1\x92\xdc\x12Bn\x9c\xbek\x1c\x8f\x18v\xc71$\x91\x82\xb3\x00i\xe6\xfc\xc4\xef\r\n',,,
27/03/2024,09:41:05,b'\r\n',,,,,,,,,,,,,,,,,
27/03/2024,09:41:05,b'373,414,38.388505,21.811612,27/3/2024,7:41:6,0.05,0.17,0.00,31.50,3,330,1009.96,22.70,00000000000000\r\n',,,
27/03/2024,09:41:07,b'374,415,38.388505,21.811612,27/3/2024,7:41:7,0.05,0.17,0.00,31.50,3,330,1009.95,22.71,00000000000000L\xab\xcd\xb36\xe6\xf2\x9b\x0bF\xd5\xe5\xd2\xf9q\xc2\xad\x0c\xd9\x13\x9b\xe2@\xb6@\xb9\x96aD\x14,K\r\n',,
27/03/2024,09:41:07,b'\r\n',,,,,,,,,,,,,,,,,
27/03/2024,09:41:07,b'374,415,38.388505,21.811612,27/3/2024,7:41:7,0.05,0.17,0.00,31.50,3,330,1009.95,22.71,00000000000000\r\n',,,
27/03/2024,09:41:08,b'375,416,38.388505,21.811612,27/3/2024,7:41:9,0.05,0.17,0.00,31.50,3,330,1009.97,22.71,"00000000000000\xd0\x040\xa0\xa92X\xc5\x96=\x16""b\xe4.3\xdda\xc4\xef\x90\xaa\xe6h\xe9\x9dSQ\xad\xa9\xfd\xfd\r\n'",,,
27/03/2024,09:41:08,b'\r\n',,,,,,,,,,,,,,,,,
27/03/2024,09:41:08,b'375,416,38.388505,21.811612,27/3/2024,7:41:9,0.05,0.17,0.00,31.50,3,330,1009.97,22.71,00000000000000\r\n',,,
27/03/2024,09:41:10,b'376,417,38.388505,21.811612,27/3/2024,7:41:10,0.05,0.17,0.00,31.50,3,330,1009.95,22.72,0000000000000\xca\xb6\x8frI{\xef*\xa5K\xa5\x11\x0f\x19\xa9\xbdJ\xfc\xf5&\x96\x81\xd2\x03\xbd\xcb\x03\xb4\x8e\x10\xe9$\r\n',,,
27/03/2024,09:41:10,b'\r\n',,,,,,,,,,,,,,,,,
27/03/2024,09:41:10,b'376,417,38.388505,21.811612,27/3/2024,7:41:10,0.05,0.17,0.00,31.50,3,330,1009.95,22.72,0000000000000\r\n',,,
27/03/2024,09:41:11,b'377,418,38.388505,21.811612,27/3/2024,7:41:12,0.05,0.17,0.00,31.50,3,330,1009.89,22.70,0000000000000\xfb\xfb*\xc7\x9f#\xfe\xc6f\xa8\xbf\xb0\x1c\xd7\x07N,\xfb!\x1fC\x81H\x16\xde\x82#\xf0\t\x9e\x0c\x04\r\n',,
27/03/2024,09:41:11,b'\r\n',,,,,,,,,,,,,,,,,
27/03/2024,09:41:11,b'377,418,38.388505,21.811612,27/3/2024,7:41:12,0.05,0.17,0.00,31.50,3,330,1009.89,22.70,0000000000000\r\n',,,
27/03/2024,09:41:13,b'378,419,38.388505,21.811612,27/3/2024,7:41:13,0.05,0.17,0.00,31.50,3,330,1009.90,22.70,"0000000000000\xbc\xc9\xf6\x048\x91o7\xab[\xf4*\x9e\xd2\xf0\xfc\x03\x00\xa0\x11:""\xc6Z\x1f\xa6v\xd4\x00g\x15R\r\n'",,,
27/03/2024,09:41:13,b'\r\n',,,,,,,,,,,,,,,,,
27/03/2024,09:41:13,b'378,419,38.388505,21.811612,27/3/2024,7:41:13,0.05,0.17,0.00,31.50,3,330,1009.90,22.70,0000000000000\r\n',,,
27/03/2024,09:41:14,b'379,420,38.388505,21.811612,27/3/2024,7:41:15,0.05,0.17,0.00,31.50,3,330,1009.95,22.71,0000000000000\xa6\x1b\x94\xdf\xbb\xef\xd0\x17\x15 \xa4\x8f?\xec\xd1\xf8\x9d\x87:\xa9\x19\xa5\xa4^Y,\xccT5cU\xbd\r\n',,
27/03/2024,09:41:14,b'\r\n',,,,,,,,,,,,,,,,,
27/03/2024,09:41:14,b'379,420,38.388505,21.811612,27/3/2024,7:41:15,0.05,0.17,0.00,31.50,3,330,1009.95,22.71,0000000000000\r\n',,,
27/03/2024,09:41:16,b'380,421,38.388505,21.811612,27/3/2024,7:41:16,0.05,0.17,0.00,31.50,3,330,1009.95,22.71,00000000000008\xa0\xd1N\x1dO\xe9\x0b\xe5#\xbc{\xbf\n',,,
27/03/2024,09:41:16,b'T\xd5\xed\xe5\xd2\x83\xe4h\xae\xcb\xac\x92_\xaf\xa76\x14f\r\n',,,,,,,,,,,,,,,,,
27/03/2024,09:41:16,b'\r\n',,,,,,,,,,,,,,,,,
27/03/2024,09:41:16,b'380,421,38.388505,21.811612,27/3/2024,7:41:16,0.05,0.17,0.00,31.50,3,330,1009.95,22.71,0000000000000\r\n',,,
27/03/2024,09:41:17,"b""381",422,38.388505,21.811612,27/3/2024,7:41:18,0.05,0.17,0.00,31.50,3,330,1009.90,22.71,0000000000000\xd1\xf9\t\x16\x1fus\xf1\xd3\x95\xec,"vx\x7f\x10\t\x9c\xdbd\x11f1\xe1O'\x82\x168\x07\xa5\xc4\r\n""",,
27/03/2024,09:41:17,b'\r\n',,,,,,,,,,,,,,,,,
27/03/2024,09:41:17,b'381,422,38.388505,21.811612,27/3/2024,7:41:18,0.05,0.17,0.00,31.50,3,330,1009.90,22.71,0000000000000\r\n',,,
27/03/2024,09:41:19,b'382,423,38.388505,21.811612,27/3/2024,7:41:19,0.05,0.17,0.00,31.50,3,330,1009.86,22.72,"0000000000000Q\xcd`\xd4\xa7\xc5O\xcd\xabC\xddb\xe0""\x0f\x12\xb9\x81+P\x08g\x191\xe3\xe4\xd50\x9b\x17\x8b\xb2\r\n'",,,
27/03/2024,09:41:19,b'\r\n',,,,,,,,,,,,,,,,,
27/03/2024,09:41:19,b'382,423,38.388505,21.811612,27/3/2024,7:41:19,0.05,0.17,0.00,31.50,3,330,1009.86,22.72,0000000000000\r\n',,,
27/03/2024,09:41:20,b'383,424,38.388505,21.811612,27/3/2024,7:41:21,0.05,0.17,0.00,31.50,3,330,1009.82,22.72,0000000000000\x84\xb5\xa1\xbf-{\xc6\x80\xe2\xe5\xb9\xf0}\xe3\xf5\xee1\x00\x1e\xdeM\xc8\xf2c\xff,_P\x88\x02\xbd\xb3\r\n',,
27/03/2024,09:41:20,b'\r\n',,,,,,,,,,,,,,,,,
27/03/2024,09:41:20,b'383,424,38.388505,21.811612,27/3/2024,7:41:21,0.05,0.17,0.00,31.50,3,330,1009.82,22.72,0000000000000\r\n',,,
27/03/2024,09:41:22,b'384,425,38.388505,21.811612,27/3/2024,7:41:22,0.05,0.17,0.00,31.50,3,330,1009.83,22.72,0000000000000\x17|\x9dR\xd2\xcd\\\x0e\x82\x9d\x1e\xe4\xa8\x99\x95\xc5\xbf\xdc\xbb\xed\x94\xd5\xa6]6\xa8s\x17\xc4\x9d\xc8\x91\r\n',,,
27/03/2024,09:41:22,b'\r\n',,,,,,,,,,,,,,,,,
27/03/2024,09:41:22,b'384,425,38.388505,21.811612,27/3/2024,7:41:22,0.05,0.17,0.00,31.50,3,330,1009.83,22.72,0000000000000\r\n',,,
27/03/2024,09:41:23,b'385,426,38.388505,21.811612,27/3/2024,7:41:24,0.05,0.17,0.00,31.50,3,330,1009.81,22.72,0000000000000:3\x9fM\x99\xe4h\xf7R\xa6\xe0\x12\x18Z\xd4>Lv\x83\xa6\x1c\x96\x82\xdf\xf5z\x97\xda\xa5\xe8\xe9&\r\n',,,
27/03/2024,09:41:23,b'\r\n',,,,,,,,,,,,,,,,,
27/03/2024,09:41:23,b'385,426,38.388505,21.811612,27/3/2024,7:41:24,0.05,0.17,0.00,31.50,3,330,1009.81,22.72,0000000000000\r\n',,,
27/03/2024,09:41:25,b'386,427,38.388505,21.811612,27/3/2024,7:41:25,0.05,0.17,0.00,31.50,3,330,1009.86,22.73,0000000000000\xf8<\x9aU\x8c\xc6\xa2\xdaL\xc0k\xb0\xc42\x08\x8f\x91a$Y\xee\xabY\xcc\x8d\xdfSaI\x9a!\xc9\r\n',,,
27/03/2024,09:41:25,b'\r\n',,,,,,,,,,,,,,,,,
27/03/2024,09:41:25,b'386,427,38.388505,21.811612,27/3/2024,7:41:25,0.05,0.17,0.00,31.50,3,330,1009.86,22.73,0000000000000\r\n',,,
27/03/2024,09:41:26,b'387,428,38.388505,21.811612,27/3/2024,7:41:27,0.05,0.17,0.00,31.50,3,330,1009.87,22.74,0000000000000]t\r6\\\xe2>\x1c$\xae\xc786\x83\x13[d&0\x0b\xb6\xd0\r_c\xb54U\xefeA%\r\n',,,
27/03/2024,09:41:26,b'\r\n',,,,,,,,,,,,,,,,,
27/03/2024,09:41:26,b'387,428,38.388505,21.811612,27/3/2024,7:41:27,0.05,0.17,0.00,31.50,3,330,1009.87,22.74,0000000000000\r\n',,,
27/03/2024,09:41:28,b'388,429,38.388505,21.811612,27/3/2024,7:41:28,0.05,0.17,0.00,31.50,3,330,1009.94,22.68,0000000000000c!\xf1\xd7\x0b\xf3\x17\t?\x91\xeaz\x9b(\xd8\rjM\x90\xde\xd0X,]\xd0\x8e,4\x81s\xabF\r\n',
27/03/2024,09:41:28,b'\r\n',,,,,,,,,,,,,,,,,
27/03/2024,09:41:28,b'388,429,38.388505,21.811612,27/3/2024,7:41:28,0.05,0.17,0.00,31.50,3,330,1009.94,22.68,0000000000000\r\n',,,
27/03/2024,09:41:29,b'389,430,38.388505,21.811612,27/3/2024,7:41:30,0.05,0.17,0.00,31.50,3,330,1009.88,22.64,0000000000000\x19\x84\x19@\x03\x02\xff\x16\x9c\x04\n',,,
27/03/2024,09:41:29,b'\xea\xc1\x95b\x0b\x0b\xd3\xf8\xe6\xbd\t\x89\xd7\xce\x87\xcb1.\xa4\x88\xe7\r\n',,,,,,,,,,,,,,,,,
27/03/2024,09:41:29,b'\r\n',,,,,,,,,,,,,,,,,
27/03/2024,09:41:29,b'389,430,38.388505,21.811612,27/3/2024,7:41:30,0.05,0.17,0.00,31.50,3,330,1009.88,22.64,0000000000000\r\n',,,
27/03/2024,09:41:31,b'390,431,38.388505,21.811612,27/3/2024,7:41:31,0.05,0.17,0.00,31.50,0,9999,1009.91,22.61,"000000000000\xa3o\xbc\x94\xa8\x80\xcd\xf7\xa7\x1d\xe4\xe01\xea9B\x93\xd8\xdc\x1a\xe6\x8e\x86\x1c\xc0\x88""\xaa\xa8\xfdtk\r\n'",,,
27/03/2024,09:41:31,b'\r\n',,,,,,,,,,,,,,,,,
27/03/2024,09:41:31,b'390,431,38.388505,21.811612,27/3/2024,7:41:31,0.05,0.17,0.00,31.50,0,9999,1009.91,22.61,000000000000\r\n',,,
27/03/2024,09:41:32,b'391,432,38.388505,21.811612,27/3/2024,7:41:33,0.05,0.17,0.00,31.50,0,9999,1009.91,22.55,000000000000>HZ\xb3\xc5\x0fw\xb5\xed\t\xfeV|\x93Cu9\xddQ\x14\x80>\xac\xae\xa7\xe9\x01)\x7f\xe6\xe4\x1f\r\n',,,
27/03/2024,09:41:32,b'\r\n',,,,,,,,,,,,,,,,,
27/03/2024,09:41:32,b'391,432,38.388505,21.811612,27/3/2024,7:41:33,0.05,0.17,0.00,31.50,0,9999,1009.91,22.55,000000000000\r\n',,,
27/03/2024,09:41:34,b'392,433,38.388505,21.811612,27/3/2024,7:41:34,0.05,0.17,0.00,31.50,0,9999,1009.87,22.55,000000000000\xde1#X\x9b\xdf\xd6\xb31\x91\x9a\xea\xfas[\xd2@\xcb+\x9b\xb3\x1c\xa5\xf1+\x8a\x9a\x86\xf9\xc4\x8c\xb3\r\n',,,
27/03/2024,09:41:34,b'\r\n',,,,,,,,,,,,,,,,,
27/03/2024,09:41:34,b'392,433,38.388505,21.811612,27/3/2024,7:41:34,0.05,0.17,0.00,31.50,0,9999,1009.87,22.55,000000000000\r\n',,,
27/03/2024,09:41:35,b'393,434,38.388505,21.811612,27/3/2024,7:41:36,0.05,0.17,0.00,31.50,0,9999,1009.87,22.50,000000000000h{\x8c\x89\x11\xc6N\x08MM\xf4\xd36A\xf6\xe8^k\x15\xd6\x9dU\xb6\xbd\xe7\x03X\x01\xca7b\xc4\r\n',,,
27/03/2024,09:41:35,b'\r\n',,,,,,,,,,,,,,,,,
27/03/2024,09:41:35,b'393,434,38.388505,21.811612,27/3/2024,7:41:36,0.05,0.17,0.00,31.50,0,9999,1009.87,22.50,000000000000\r\n',,,
27/03/2024,09:41:37,b'394,435,38.388505,21.811612,27/3/2024,7:41:37,0.05,0.17,0.00,31.50,0,9999,1009.94,22.48,000000000000h\xe6\xd0\xf2\xfe=\xac\xacR(@\xbeU\x84U\x88O\x8c,\xba*\xec\x95\xf7\xe7:T\xad\x9c\xa1*4\r\n',,
27/03/2024,09:41:37,b'\r\n',,,,,,,,,,,,,,,,,
27/03/2024,09:41:37,b'394,435,38.388505,21.811612,27/3/2024,7:41:37,0.05,0.17,0.00,31.50,0,9999,1009.94,22.48,000000000000\r\n',,,
27/03/2024,09:41:38,b'395,436,38.388505,21.811612,27/3/2024,7:41:38,0.05,0.17,0.00,31.50,0,9999,1009.82,22.45,000000000000\xcc\x9c\xdf\x0c,>Jr\x8b)\xa8`0p\x93\x99\xe5\xf1\xa5\x99\xe5\x8f\xb4!\x0ee\xe0|\xec\xd9\xc8C\r\n',,
27/03/2024,09:41:38,b'\r\n',,,,,,,,,,,,,,,,,
27/03/2024,09:41:38,b'395,436,38.388505,21.811612,27/3/2024,7:41:38,0.05,0.17,0.00,31.50,0,9999,1009.82,22.45,000000000000\r\n',,,
27/03/2024,09:41:40,"b""396",437,38.388505,21.811612,27/3/2024,7:41:40,0.05,0.17,0.00,31.50,0,9999,1009.90,22.47,"000000000000\xb6}\xdc\xeaT=2c\xc0\xc7\xa5F\x9a\xe4Rk\xd8\xc8\x03\xdfZo\xbb\xa6\xd6X\xa6\x1e\xe3*'B\r\n""",,,
27/03/2024,09:41:40,b'\r\n',,,,,,,,,,,,,,,,,
27/03/2024,09:41:40,b'396,437,38.388505,21.811612,27/3/2024,7:41:40,0.05,0.17,0.00,31.50,0,9999,1009.90,22.47,000000000000\r\n',,,
27/03/2024,09:41:41,b'397,438,38.388505,21.811612,27/3/2024,7:41:41,0.05,0.17,0.00,31.50,0,9999,1009.86,22.46,000000000000`\xbe\xb9\xe9\xea\x0c\xb9\xc7\xc1!u#\x88\x03\x8b\x08\x98\xa5\x85\x8fB\xba`Hx\x08\xe7\xe4\x17{\xa3\xe3\r\n',,,
27/03/2024,09:41:41,b'\r\n',,,,,,,,,,,,,,,,,
27/03/2024,09:41:41,b'397,438,38.388505,21.811612,27/3/2024,7:41:41,0.05,0.17,0.00,31.50,0,9999,1009.86,22.46,000000000000\r\n',,,
27/03/2024,09:41:43,b'398,439,38.388505,21.811612,27/3/2024,7:41:43,0.05,0.17,0.00,31.50,0,9999,1009.90,22.47,000000000000\xfa\xf2\x15\xc7\xa4\xf2\xb0>\xc0\x99\xd8,"7""\x0b#\x8f\xff\xa4Cw?&P\x80\xed\xaf\x13?J;\xb1\r\n'",,
27/03/2024,09:41:43,b'\r\n',,,,,,,,,,,,,,,,,
27/03/2024,09:41:43,b'398,439,38.388505,21.811612,27/3/2024,7:41:43,0.05,0.17,0.00,31.50,0,9999,1009.90,22.47,000000000000\r\n',,,
27/03/2024,09:41:44,b'399,440,38.388505,21.811612,27/3/2024,7:41:44,0.05,0.17,0.00,31.50,0,9999,1009.86,22.48,000000000000>\xbd\x91\x9a\xbb\x9eM\x83Q\xe4J\xbd\x8c\xb9X<1P\xa3vf\x91\x04\xba\x0b{\xd9(M\xfat\xdb\r\n',,,
27/03/2024,09:41:44,b'\r\n',,,,,,,,,,,,,,,,,
27/03/2024,09:41:44,b'399,440,38.388505,21.811612,27/3/2024,7:41:44,0.05,0.17,0.00,31.50,0,9999,1009.86,22.48,000000000000\r\n',,,
